Workbook
Name BaseTable: Lookups!$A$2:$B$9
Name HolidayDates: Lookups!$H$2:$H$8
Name SpecialDates: Lookups!$H$2:$H$10
Name ZoneTable: Lookups!$D$2:$F$266

Sheet README
B1: Uber / Ride-Sharing Operations Analytics — Excel workbook
B2: Uber pickups in New York City, Apr-Sep 2014 and Jan-Jun 2015 · prepared by Jatin Gohel
B4: Data source | C4: NYC Taxi & Limousine Commission data released under a FOIL request and published by FiveThirtyEight (github.com/fivethirtyeight/uber-tlc-foil-response).
B5: How it works | C5: The trip files (18.8 million rows) are too large for Excel, so the notebook aggregates them into tables (trips per date and hour, per base and day, per zone and month). Every number on the analysis sheets is a live formula on those tables.
B6: Formulas used | C6: SUMIFS, COUNTIFS, AVERAGEIFS, MINIFS, VLOOKUP, XLOOKUP (with IFERROR fallback), INDEX/MATCH, IF/IFS, CHOOSE, WEEKDAY, DATE, EDATE, YEAR, LARGE/SMALL, RANK.EQ, PERCENTILE.INC, CORREL.
B7: Not in the data | C7: Fares/revenue, trip distance and duration, drop-offs, cancellations, wait times and driver hours. Trips per active vehicle is a productivity proxy, not driver utilization.
B8: Excel version | C8: Needs Excel 2019, 2021 or Microsoft 365 (IFS, MINIFS). XLOOKUP cells fall back to INDEX/MATCH or VLOOKUP in Excel 2019.
B10: Sheet | C10: What it shows
B11: Summary | C11: KPI cards, trips by year and a ✓/✗ check of every KPI against the Python notebook.
B12: Monthly_Trend | C12: Trips, days and average trips per day by month; month-over-month and year-over-year growth.
B13: Time_Patterns | C13: Weekday × hour heat map, hour profile (weekday vs weekend), time bands, peak/quiet hours and weekdays.
B14: Daily_Calendar | C14: Top and bottom days, planning percentiles, holiday and blizzard effects vs a normal day, 7-day average chart.
B15: Geography | C15: Service areas (boroughs + airports), growth Jan→Jun, zone ranking, concentration, airport share by hour.
B16: Bases | C16: Share of trips by dispatching base, 2014 vs 2015.
... B23: Data_Dictionary | C23: Description of every data-table column.

Sheet Summary
B1: Uber / Ride-Sharing Operations Analytics — New York City, 2014–2015
B2: 18,804,806 Uber pickups (NYC TLC FOIL data) · every number below is a live formula on the data sheets
B4: Trips, Jan-Jun 2015 | E4: Average trips per day, 2015 | H4: Year-over-year growth | K4: Peak hour (2015)
B5: =SUMIFS(tblDaily[Trips],tblDaily[Period],"2015 Jan-Jun") -> 14270479 | E5: =AVERAGEIFS(tblDaily[Trips],tblDaily[Period],"2015 Jan-Jun") -> 78842.425 | H5: =Monthly_Trend!$E$25 -> 3.1436121 | K5: =Time_Patterns!$Q$16 -> 19
B6: Pickup records | E6: 181 days | H6: Apr-Jun 2015 vs Apr-Jun 2014 | K6: Highest average trips
B8: Manhattan share | E8: Airport share | H8: Trips per active vehicle / day | K8: Uber vs yellow taxis
B9: =Geography!$D$6 -> 0.7270684 | E9: =Geography!$D$9 -> 0.038936107 | H9: =Supply!$E$14 -> 8.9238212 | K9: =Market!$E$8 -> 0.077658492
B10: Of 2015 pickups (known zones) | E10: JFK + LaGuardia + Newark | H10: FOIL Jan-Feb 2015 (proxy) | K10: Trips per day, Sep 2014
B28: Trips by year | H28: Check: Excel formulas vs Python notebook
B29: Period | E29: Trips | F29: Avg / day | H29: KPI | K29: Excel | L29: Python | N29: Match
B30: 2014 Apr-Sep | E30: =SUMIFS(tblDaily[Trips],tblDaily[Period],B30) -> 4534327 | F30: =AVERAGEIFS(tblDaily[Trips],tblDaily[Period],B30) -> 24777.743 | H30: Trips 2015 | K30: =B5 -> 14270479 | L30: 14270479 | N30: =IF(ABS(K30-L30)<=0.5,"✓","✗") -> ✓
B31: 2015 Jan-Jun | E31: =SUMIFS(tblDaily[Trips],tblDaily[Period],B31) -> 14270479 | F31: =AVERAGEIFS(tblDaily[Trips],tblDaily[Period],B31) -> 78842.425 | H31: Avg trips per day 2015 | K31: =E5 -> 78842.425 | L31: 78842.425 | N31: =IF(ABS(K31-L31)<=0.01,"✓","✗") -> ✓
H32: YoY growth Apr-Jun | K32: =H5 -> 3.1436121 | L32: 3.1436121 | N32: =IF(ABS(K32-L32)<=5e-05,"✓","✗") -> ✓
H33: Peak hour 2015 | K33: =K5 -> 19 | L33: 19 | N33: =IF(ABS(K33-L33)<=0,"✓","✗") -> ✓
H34: Manhattan share | K34: =B9 -> 0.7270684 | L34: 0.727068 | N34: =IF(ABS(K34-L34)<=5e-05,"✓","✗") -> ✓
H35: Airport share | K35: =E9 -> 0.038936107 | L35: 0.038936 | N35: =IF(ABS(K35-L35)<=5e-05,"✓","✗") -> ✓
H36: Trips per vehicle-day | K36: =H9 -> 8.9238212 | L36: 8.923821 | N36: =IF(ABS(K36-L36)<=0.0005,"✓","✗") -> ✓
H37: Uber vs yellow, Sep 2014 | K37: =K9 -> 0.077658492 | L37: 0.077658 | N37: =IF(ABS(K37-L37)<=5e-05,"✓","✗") -> ✓
H39: Python = reports/kpi_summary.json (notebook). Excel = live formulas. ✓ = same value within rounding.

Sheet Monthly_Trend
A1: Monthly trend — trips, days and average trips per day
A2: Trips = SUMIFS over the Daily table between the 1st of the month and EDATE(month, 1). Month-over-month growth only within the same period.
A5: Month | B5: Period | C5: Trips | D5: Days | E5: Avg trips / day | F5: MoM growth | G5: MoM growth / day
A6: 41730 | B6: 2014 Apr-Sep | C6: =SUMIFS(tblDaily[Trips],tblDaily[Date],">="&A6,tblDaily[Date],"<"&EDATE(A6,1)) -> 564516 | D6: =COUNTIFS(tblDaily[Date],">="&A6,tblDaily[Date],"<"&EDATE(A6,1)) -> 30 | E6: =C6/D6 -> 18817.2
A7: 41760 | B7: 2014 Apr-Sep | C7: =SUMIFS(tblDaily[Trips],tblDaily[Date],">="&A7,tblDaily[Date],"<"&EDATE(A7,1)) -> 652435 | D7: =COUNTIFS(tblDaily[Date],">="&A7,tblDaily[Date],"<"&EDATE(A7,1)) -> 31 | E7: =C7/D7 -> 21046.29 | F7: =IF(B7=B6,C7/C6-1,"") -> 0.15574226 | G7: =IF(B7=B6,E7/E6-1,"") -> 0.11846026
A8: 41791 | B8: 2014 Apr-Sep | C8: =SUMIFS(tblDaily[Trips],tblDaily[Date],">="&A8,tblDaily[Date],"<"&EDATE(A8,1)) -> 663844 | D8: =COUNTIFS(tblDaily[Date],">="&A8,tblDaily[Date],"<"&EDATE(A8,1)) -> 30 | E8: =C8/D8 -> 22128.133 | F8: =IF(B8=B7,C8/C7-1,"") -> 0.017486799 | G8: =IF(B8=B7,E8/E7-1,"") -> 0.051403026
A9: 41821 | B9: 2014 Apr-Sep | C9: =SUMIFS(tblDaily[Trips],tblDaily[Date],">="&A9,tblDaily[Date],"<"&EDATE(A9,1)) -> 796121 | D9: =COUNTIFS(tblDaily[Date],">="&A9,tblDaily[Date],"<"&EDATE(A9,1)) -> 31 | E9: =C9/D9 -> 25681.323 | F9: =IF(B9=B8,C9/C8-1,"") -> 0.19925916 | G9: =IF(B9=B8,E9/E8-1,"") -> 0.16057338
A10: 41852 | B10: 2014 Apr-Sep | C10: =SUMIFS(tblDaily[Trips],tblDaily[Date],">="&A10,tblDaily[Date],"<"&EDATE(A10,1)) -> 829275 | D10: =COUNTIFS(tblDaily[Date],">="&A10,tblDaily[Date],"<"&EDATE(A10,1)) -> 31 | E10: =C10/D10 -> 26750.806 | F10: =IF(B10=B9,C10/C9-1,"") -> 0.041644423 | G10: =IF(B10=B9,E10/E9-1,"") -> 0.041644423
A11: 41883 | B11: 2014 Apr-Sep | C11: =SUMIFS(tblDaily[Trips],tblDaily[Date],">="&A11,tblDaily[Date],"<"&EDATE(A11,1)) -> 1028136 | D11: =COUNTIFS(tblDaily[Date],">="&A11,tblDaily[Date],"<"&EDATE(A11,1)) -> 30 | E11: =C11/D11 -> 34271.2 | F11: =IF(B11=B10,C11/C10-1,"") -> 0.23980103 | G11: =IF(B11=B10,E11/E10-1,"") -> 0.28112773
A12: 42005 | B12: 2015 Jan-Jun | C12: =SUMIFS(tblDaily[Trips],tblDaily[Date],">="&A12,tblDaily[Date],"<"&EDATE(A12,1)) -> 1953801 | D12: =COUNTIFS(tblDaily[Date],">="&A12,tblDaily[Date],"<"&EDATE(A12,1)) -> 31 | E12: =C12/D12 -> 63025.839 | F12: =IF(B12=B11,C12/C11-1,"") | G12: =IF(B12=B11,E12/E11-1,"")
A13: 42036 | B13: 2015 Jan-Jun | C13: =SUMIFS(tblDaily[Trips],tblDaily[Date],">="&A13,tblDaily[Date],"<"&EDATE(A13,1)) -> 2263620 | D13: =COUNTIFS(tblDaily[Date],">="&A13,tblDaily[Date],"<"&EDATE(A13,1)) -> 28 | E13: =C13/D13 -> 80843.571 | F13: =IF(B13=B12,C13/C12-1,"") -> 0.15857244 | G13: =IF(B13=B12,E13/E12-1,"") -> 0.28270521
A14: 42064 | B14: 2015 Jan-Jun | C14: =SUMIFS(tblDaily[Trips],tblDaily[Date],">="&A14,tblDaily[Date],"<"&EDATE(A14,1)) -> 2259773 | D14: =COUNTIFS(tblDaily[Date],">="&A14,tblDaily[Date],"<"&EDATE(A14,1)) -> 31 | E14: =C14/D14 -> 72895.903 | F14: =IF(B14=B13,C14/C13-1,"") -> -0.0016994902 | G14: =IF(B14=B13,E14/E13-1,"") -> -0.098309217
A15: 42095 | B15: 2015 Jan-Jun | C15: =SUMIFS(tblDaily[Trips],tblDaily[Date],">="&A15,tblDaily[Date],"<"&EDATE(A15,1)) -> 2280837 | D15: =COUNTIFS(tblDaily[Date],">="&A15,tblDaily[Date],"<"&EDATE(A15,1)) -> 30 | E15: =C15/D15 -> 76027.9 | F15: =IF(B15=B14,C15/C14-1,"") -> 0.0093212902 | G15: =IF(B15=B14,E15/E14-1,"") -> 0.042965333
A16: 42125 | B16: 2015 Jan-Jun | C16: =SUMIFS(tblDaily[Trips],tblDaily[Date],">="&A16,tblDaily[Date],"<"&EDATE(A16,1)) -> 2695553 | D16: =COUNTIFS(tblDaily[Date],">="&A16,tblDaily[Date],"<"&EDATE(A16,1)) -> 31 | E16: =C16/D16 -> 86953.323 | F16: =IF(B16=B15,C16/C15-1,"") -> 0.18182623 | G16: =IF(B16=B15,E16/E15-1,"") -> 0.14370281
A17: 42156 | B17: 2015 Jan-Jun | C17: =SUMIFS(tblDaily[Trips],tblDaily[Date],">="&A17,tblDaily[Date],"<"&EDATE(A17,1)) -> 2816895 | D17: =COUNTIFS(tblDaily[Date],">="&A17,tblDaily[Date],"<"&EDATE(A17,1)) -> 30 | E17: =C17/D17 -> 93896.5 | F17: =IF(B17=B16,C17/C16-1,"") -> 0.045015624 | G17: =IF(B17=B16,E17/E16-1,"") -> 0.079849478
A20: Year over year — same months (XLOOKUP with an INDEX/MATCH fallback for Excel 2019)
A21: Month | C21: Trips 2014 | D21: Trips 2015 | E21: Growth | F21: Multiple
A22: 42095 | C22: =INDEX($C$6:$C$17,MATCH(DATE(2014,MONTH(A22),1),$A$6:$A$17,0)) -> 564516 | D22: {=IFERROR(_xlfn.XLOOKUP(A22,$A$6:$A$17,$C$6:$C$17),INDEX($C$6:$C$17,MATCH(A22,$A$6:$A$17,0)))} -> 2280837 | E22: =D22/C22-1 -> 3.0403408 | F22: =D22/C22 -> 4.0403408
A23: 42125 | C23: =INDEX($C$6:$C$17,MATCH(DATE(2014,MONTH(A23),1),$A$6:$A$17,0)) -> 652435 | D23: {=IFERROR(_xlfn.XLOOKUP(A23,$A$6:$A$17,$C$6:$C$17),INDEX($C$6:$C$17,MATCH(A23,$A$6:$A$17,0)))} -> 2695553 | E23: =D23/C23-1 -> 3.1315273 | F23: =D23/C23 -> 4.1315273
A24: 42156 | C24: =INDEX($C$6:$C$17,MATCH(DATE(2014,MONTH(A24),1),$A$6:$A$17,0)) -> 663844 | D24: {=IFERROR(_xlfn.XLOOKUP(A24,$A$6:$A$17,$C$6:$C$17),INDEX($C$6:$C$17,MATCH(A24,$A$6:$A$17,0)))} -> 2816895 | E24: =D24/C24-1 -> 3.2433087 | F24: =D24/C24 -> 4.2433087
A25: Apr-Jun | C25: =SUM(C22:C24) -> 1880795 | D25: =SUM(D22:D24) -> 7793285 | E25: =D25/C25-1 -> 3.1436121 | F25: =D25/C25 -> 4.1436121

Sheet Time_Patterns
A1: Time patterns, Jan-Jun 2015 — average trips per hour by weekday and hour
A2: Each cell = AVERAGEIFS(Trips, Period, 2015, Weekday, row, Hour, column) over the Hourly table. Colour scale: white = low, blue = high.
A5: Weekday | B5: 0 | C5: 1 | D5: 2 | E5: 3 | F5: 4 | G5: 5 | H5: 6 | I5: 7 | J5: 8 | K5: 9 | L5: 10 | M5: 11 | N5: 12 | O5: 13 | P5: 14 | Q5: 15 | R5: 16 | S5: 17 | T5: 18 | U5: 19 | V5: 20 | W5: 21 | X5: 22 | Y5: 23
A6: Mon | B6: =AVERAGEIFS(tblHourly[Trips],tblHourly[Period],"2015 Jan-Jun",tblHourly[Weekday],$A6,tblHourly[Hour],B$5) -> 1925.3846 | C6: =AVERAGEIFS(tblHourly[Trips],tblHourly[Period],"2015 Jan-Jun",tblHourly[Weekday],$A6,tblHourly[Hour],C$5) -> 1082.2692 | D6: =AVERAGEIFS(tblHourly[Trips],tblHourly[Period],"2015 Jan-Jun",tblHourly[Weekday],$A6,tblHourly[Hour],D$5) -> 648.23077 | E6: =AVERAGEIFS(tblHourly[Trips],tblHourly[Period],"2015 Jan-Jun",tblHourly[Weekday],$A6,tblHourly[Hour],E$5) -> 488.38462 | F6: =AVERAGEIFS(tblHourly[Trips],tblHourly[Period],"2015 Jan-Jun",tblHourly[Weekday],$A6,tblHourly[Hour],F$5) -> 735.61538 | G6: =AVERAGEIFS(tblHourly[Trips],tblHourly[Period],"2015 Jan-Jun",tblHourly[Weekday],$A6,tblHourly[Hour],G$5) -> 1182.5769 | H6: =AVERAGEIFS(tblHourly[Trips],tblHourly[Period],"2015 Jan-Jun",tblHourly[Weekday],$A6,tblHourly[Hour],H$5) -> 1890.4231 | I6: =AVERAGEIFS(tblHourly[Trips],tblHourly[Period],"2015 Jan-Jun",tblHourly[Weekday],$A6,tblHourly[Hour],I$5) -> 2865.8846 | ... Y6: =AVERAGEIFS(tblHourly[Trips],tblHourly[Period],"2015 Jan-Jun",tblHourly[Weekday],$A6,tblHourly[Hour],Y$5) -> 2800.24
A7: Tue | B7: =AVERAGEIFS(tblHourly[Trips],tblHourly[Period],"2015 Jan-Jun",tblHourly[Weekday],$A7,tblHourly[Hour],B$5) -> 1785.24 | C7: =AVERAGEIFS(tblHourly[Trips],tblHourly[Period],"2015 Jan-Jun",tblHourly[Weekday],$A7,tblHourly[Hour],C$5) -> 991.48 | D7: =AVERAGEIFS(tblHourly[Trips],tblHourly[Period],"2015 Jan-Jun",tblHourly[Weekday],$A7,tblHourly[Hour],D$5) -> 581.44 | E7: =AVERAGEIFS(tblHourly[Trips],tblHourly[Period],"2015 Jan-Jun",tblHourly[Weekday],$A7,tblHourly[Hour],E$5) -> 396.4 | F7: =AVERAGEIFS(tblHourly[Trips],tblHourly[Period],"2015 Jan-Jun",tblHourly[Weekday],$A7,tblHourly[Hour],F$5) -> 586.16 | G7: =AVERAGEIFS(tblHourly[Trips],tblHourly[Period],"2015 Jan-Jun",tblHourly[Weekday],$A7,tblHourly[Hour],G$5) -> 1018.44 | H7: =AVERAGEIFS(tblHourly[Trips],tblHourly[Period],"2015 Jan-Jun",tblHourly[Weekday],$A7,tblHourly[Hour],H$5) -> 1843.48 | I7: =AVERAGEIFS(tblHourly[Trips],tblHourly[Period],"2015 Jan-Jun",tblHourly[Weekday],$A7,tblHourly[Hour],I$5) -> 3100.88 | ... Y7: =AVERAGEIFS(tblHourly[Trips],tblHourly[Period],"2015 Jan-Jun",tblHourly[Weekday],$A7,tblHourly[Hour],Y$5) -> 3463.3846
A8: Wed | B8: =AVERAGEIFS(tblHourly[Trips],tblHourly[Period],"2015 Jan-Jun",tblHourly[Weekday],$A8,tblHourly[Hour],B$5) -> 2099.12 | C8: =AVERAGEIFS(tblHourly[Trips],tblHourly[Period],"2015 Jan-Jun",tblHourly[Weekday],$A8,tblHourly[Hour],C$5) -> 1115.32 | D8: =AVERAGEIFS(tblHourly[Trips],tblHourly[Period],"2015 Jan-Jun",tblHourly[Weekday],$A8,tblHourly[Hour],D$5) -> 646.44 | E8: =AVERAGEIFS(tblHourly[Trips],tblHourly[Period],"2015 Jan-Jun",tblHourly[Weekday],$A8,tblHourly[Hour],E$5) -> 441.56 | F8: =AVERAGEIFS(tblHourly[Trips],tblHourly[Period],"2015 Jan-Jun",tblHourly[Weekday],$A8,tblHourly[Hour],F$5) -> 621.72 | G8: =AVERAGEIFS(tblHourly[Trips],tblHourly[Period],"2015 Jan-Jun",tblHourly[Weekday],$A8,tblHourly[Hour],G$5) -> 1018.68 | H8: =AVERAGEIFS(tblHourly[Trips],tblHourly[Period],"2015 Jan-Jun",tblHourly[Weekday],$A8,tblHourly[Hour],H$5) -> 1830.2 | I8: =AVERAGEIFS(tblHourly[Trips],tblHourly[Period],"2015 Jan-Jun",tblHourly[Weekday],$A8,tblHourly[Hour],I$5) -> 3089.56 | ... Y8: =AVERAGEIFS(tblHourly[Trips],tblHourly[Period],"2015 Jan-Jun",tblHourly[Weekday],$A8,tblHourly[Hour],Y$5) -> 3979.6
A9: Thu | B9: =AVERAGEIFS(tblHourly[Trips],tblHourly[Period],"2015 Jan-Jun",tblHourly[Weekday],$A9,tblHourly[Hour],B$5) -> 2550.3846 | C9: =AVERAGEIFS(tblHourly[Trips],tblHourly[Period],"2015 Jan-Jun",tblHourly[Weekday],$A9,tblHourly[Hour],C$5) -> 1455.0769 | D9: =AVERAGEIFS(tblHourly[Trips],tblHourly[Period],"2015 Jan-Jun",tblHourly[Weekday],$A9,tblHourly[Hour],D$5) -> 980.73077 | E9: =AVERAGEIFS(tblHourly[Trips],tblHourly[Period],"2015 Jan-Jun",tblHourly[Weekday],$A9,tblHourly[Hour],E$5) -> 726.03846 | F9: =AVERAGEIFS(tblHourly[Trips],tblHourly[Period],"2015 Jan-Jun",tblHourly[Weekday],$A9,tblHourly[Hour],F$5) -> 804.73077 | G9: =AVERAGEIFS(tblHourly[Trips],tblHourly[Period],"2015 Jan-Jun",tblHourly[Weekday],$A9,tblHourly[Hour],G$5) -> 1130 | H9: =AVERAGEIFS(tblHourly[Trips],tblHourly[Period],"2015 Jan-Jun",tblHourly[Weekday],$A9,tblHourly[Hour],H$5) -> 1878.1538 | I9: =AVERAGEIFS(tblHourly[Trips],tblHourly[Period],"2015 Jan-Jun",tblHourly[Weekday],$A9,tblHourly[Hour],I$5) -> 3094.2692 | ... Y9: =AVERAGEIFS(tblHourly[Trips],tblHourly[Period],"2015 Jan-Jun",tblHourly[Weekday],$A9,tblHourly[Hour],Y$5) -> 5072.6538
A10: Fri | B10: =AVERAGEIFS(tblHourly[Trips],tblHourly[Period],"2015 Jan-Jun",tblHourly[Weekday],$A10,tblHourly[Hour],B$5) -> 3305.3462 | C10: =AVERAGEIFS(tblHourly[Trips],tblHourly[Period],"2015 Jan-Jun",tblHourly[Weekday],$A10,tblHourly[Hour],C$5) -> 1792.9231 | D10: =AVERAGEIFS(tblHourly[Trips],tblHourly[Period],"2015 Jan-Jun",tblHourly[Weekday],$A10,tblHourly[Hour],D$5) -> 1080.8462 | E10: =AVERAGEIFS(tblHourly[Trips],tblHourly[Period],"2015 Jan-Jun",tblHourly[Weekday],$A10,tblHourly[Hour],E$5) -> 750.69231 | F10: =AVERAGEIFS(tblHourly[Trips],tblHourly[Period],"2015 Jan-Jun",tblHourly[Weekday],$A10,tblHourly[Hour],F$5) -> 906.73077 | G10: =AVERAGEIFS(tblHourly[Trips],tblHourly[Period],"2015 Jan-Jun",tblHourly[Weekday],$A10,tblHourly[Hour],G$5) -> 1162.3077 | H10: =AVERAGEIFS(tblHourly[Trips],tblHourly[Period],"2015 Jan-Jun",tblHourly[Weekday],$A10,tblHourly[Hour],H$5) -> 1855.5385 | I10: =AVERAGEIFS(tblHourly[Trips],tblHourly[Period],"2015 Jan-Jun",tblHourly[Weekday],$A10,tblHourly[Hour],I$5) -> 2945.8846 | ... Y10: =AVERAGEIFS(tblHourly[Trips],tblHourly[Period],"2015 Jan-Jun",tblHourly[Weekday],$A10,tblHourly[Hour],Y$5) -> 6462.3077
A11: Sat | B11: =AVERAGEIFS(tblHourly[Trips],tblHourly[Period],"2015 Jan-Jun",tblHourly[Weekday],$A11,tblHourly[Hour],B$5) -> 5608.1154 | C11: =AVERAGEIFS(tblHourly[Trips],tblHourly[Period],"2015 Jan-Jun",tblHourly[Weekday],$A11,tblHourly[Hour],C$5) -> 3988.0385 | D11: =AVERAGEIFS(tblHourly[Trips],tblHourly[Period],"2015 Jan-Jun",tblHourly[Weekday],$A11,tblHourly[Hour],D$5) -> 2767.3077 | E11: =AVERAGEIFS(tblHourly[Trips],tblHourly[Period],"2015 Jan-Jun",tblHourly[Weekday],$A11,tblHourly[Hour],E$5) -> 1918.9615 | F11: =AVERAGEIFS(tblHourly[Trips],tblHourly[Period],"2015 Jan-Jun",tblHourly[Weekday],$A11,tblHourly[Hour],F$5) -> 1430.2308 | G11: =AVERAGEIFS(tblHourly[Trips],tblHourly[Period],"2015 Jan-Jun",tblHourly[Weekday],$A11,tblHourly[Hour],G$5) -> 1017.4615 | H11: =AVERAGEIFS(tblHourly[Trips],tblHourly[Period],"2015 Jan-Jun",tblHourly[Weekday],$A11,tblHourly[Hour],H$5) -> 1045.5769 | I11: =AVERAGEIFS(tblHourly[Trips],tblHourly[Period],"2015 Jan-Jun",tblHourly[Weekday],$A11,tblHourly[Hour],I$5) -> 1228.1538 | ... Y11: =AVERAGEIFS(tblHourly[Trips],tblHourly[Period],"2015 Jan-Jun",tblHourly[Weekday],$A11,tblHourly[Hour],Y$5) -> 6776.1923
A12: Sun | B12: =AVERAGEIFS(tblHourly[Trips],tblHourly[Period],"2015 Jan-Jun",tblHourly[Weekday],$A12,tblHourly[Hour],B$5) -> 6036.5 | C12: =AVERAGEIFS(tblHourly[Trips],tblHourly[Period],"2015 Jan-Jun",tblHourly[Weekday],$A12,tblHourly[Hour],C$5) -> 4829.3846 | D12: =AVERAGEIFS(tblHourly[Trips],tblHourly[Period],"2015 Jan-Jun",tblHourly[Weekday],$A12,tblHourly[Hour],D$5) -> 3500.04 | E12: =AVERAGEIFS(tblHourly[Trips],tblHourly[Period],"2015 Jan-Jun",tblHourly[Weekday],$A12,tblHourly[Hour],E$5) -> 2373.8462 | F12: =AVERAGEIFS(tblHourly[Trips],tblHourly[Period],"2015 Jan-Jun",tblHourly[Weekday],$A12,tblHourly[Hour],F$5) -> 1616.5769 | G12: =AVERAGEIFS(tblHourly[Trips],tblHourly[Period],"2015 Jan-Jun",tblHourly[Weekday],$A12,tblHourly[Hour],G$5) -> 992.07692 | H12: =AVERAGEIFS(tblHourly[Trips],tblHourly[Period],"2015 Jan-Jun",tblHourly[Weekday],$A12,tblHourly[Hour],H$5) -> 895.34615 | I12: =AVERAGEIFS(tblHourly[Trips],tblHourly[Period],"2015 Jan-Jun",tblHourly[Weekday],$A12,tblHourly[Hour],I$5) -> 972.80769 | ... Y12: =AVERAGEIFS(tblHourly[Trips],tblHourly[Period],"2015 Jan-Jun",tblHourly[Weekday],$A12,tblHourly[Hour],Y$5) -> 3044.4231
A15: Hour profile (2015) | L15: Key figures
A16: Hour | B16: Avg trips | E16: Share Mon-Fri | H16: Share Sat-Sun | L16: Peak hour (highest average) | Q16: =INDEX($A$17:$A$40,MATCH(MAX($B$17:$B$40),$B$17:$B$40,0)) -> 19
A17: 0 | B17: =AVERAGEIFS(tblHourly[Trips],tblHourly[Period],"2015 Jan-Jun",tblHourly[Hour],A17) -> 3345.4333 | E17: =SUMIFS(tblHourly[Trips],tblHourly[Period],"2015 Jan-Jun",tblHourly[Hour],A17,tblHourly[Day Type],"Weekday")/SUMIFS(tblHourly[Trips],tblHourly[Period],"2015 Jan-Jun",tblHourly[Day Type],"Weekday") -> 0.030234671 | H17: =SUMIFS(tblHourly[Trips],tblHourly[Period],"2015 Jan-Jun",tblHourly[Hour],A17,tblHourly[Day Type],"Weekend")/SUMIFS(tblHourly[Trips],tblHourly[Period],"2015 Jan-Jun",tblHourly[Day Type],"Weekend") -> 0.069323582 | L17: Quietest hour | Q17: =INDEX($A$17:$A$40,MATCH(MIN($B$17:$B$40),$B$17:$B$40,0)) -> 4
A18: 1 | B18: =AVERAGEIFS(tblHourly[Trips],tblHourly[Period],"2015 Jan-Jun",tblHourly[Hour],A18) -> 2191.7222 | E18: =SUMIFS(tblHourly[Trips],tblHourly[Period],"2015 Jan-Jun",tblHourly[Hour],A18,tblHourly[Day Type],"Weekday")/SUMIFS(tblHourly[Trips],tblHourly[Period],"2015 Jan-Jun",tblHourly[Day Type],"Weekday") -> 0.016687344 | H18: =SUMIFS(tblHourly[Trips],tblHourly[Period],"2015 Jan-Jun",tblHourly[Hour],A18,tblHourly[Day Type],"Weekend")/SUMIFS(tblHourly[Trips],tblHourly[Period],"2015 Jan-Jun",tblHourly[Day Type],"Weekend") -> 0.052492533 | L18: Peak-to-trough ratio | Q18: =MAX($B$17:$B$40)/MIN($B$17:$B$40) -> 5.7900455
A19: 2 | B19: =AVERAGEIFS(tblHourly[Trips],tblHourly[Period],"2015 Jan-Jun",tblHourly[Hour],A19) -> 1455.8827 | E19: =SUMIFS(tblHourly[Trips],tblHourly[Period],"2015 Jan-Jun",tblHourly[Hour],A19,tblHourly[Day Type],"Weekday")/SUMIFS(tblHourly[Trips],tblHourly[Period],"2015 Jan-Jun",tblHourly[Day Type],"Weekday") -> 0.01021414 | H19: =SUMIFS(tblHourly[Trips],tblHourly[Period],"2015 Jan-Jun",tblHourly[Hour],A19,tblHourly[Day Type],"Weekend")/SUMIFS(tblHourly[Trips],tblHourly[Period],"2015 Jan-Jun",tblHourly[Day Type],"Weekend") -> 0.036509825 | L19: Busiest weekday | Q19: =INDEX($L$24:$L$30,MATCH(MAX($O$24:$O$30),$O$24:$O$30,0)) -> Sat
A20: 3 | B20: =AVERAGEIFS(tblHourly[Trips],tblHourly[Period],"2015 Jan-Jun",tblHourly[Hour],A20) -> 1020.3056 | E20: =SUMIFS(tblHourly[Trips],tblHourly[Period],"2015 Jan-Jun",tblHourly[Hour],A20,tblHourly[Day Type],"Weekday")/SUMIFS(tblHourly[Trips],tblHourly[Period],"2015 Jan-Jun",tblHourly[Day Type],"Weekday") -> 0.0072746668 | H20: =SUMIFS(tblHourly[Trips],tblHourly[Period],"2015 Jan-Jun",tblHourly[Hour],A20,tblHourly[Day Type],"Weekend")/SUMIFS(tblHourly[Trips],tblHourly[Period],"2015 Jan-Jun",tblHourly[Day Type],"Weekend") -> 0.025556259 | L20: Quietest weekday | Q20: =INDEX($L$24:$L$30,MATCH(MIN($O$24:$O$30),$O$24:$O$30,0)) -> Mon
A21: 4 | B21: =AVERAGEIFS(tblHourly[Trips],tblHourly[Period],"2015 Jan-Jun",tblHourly[Hour],A21) -> 961.32222 | E21: =SUMIFS(tblHourly[Trips],tblHourly[Period],"2015 Jan-Jun",tblHourly[Hour],A21,tblHourly[Day Type],"Weekday")/SUMIFS(tblHourly[Trips],tblHourly[Period],"2015 Jan-Jun",tblHourly[Day Type],"Weekday") -> 0.0094738696 | H21: =SUMIFS(tblHourly[Trips],tblHourly[Period],"2015 Jan-Jun",tblHourly[Hour],A21,tblHourly[Day Type],"Weekend")/SUMIFS(tblHourly[Trips],tblHourly[Period],"2015 Jan-Jun",tblHourly[Day Type],"Weekend") -> 0.01813848
A22: 5 | B22: =AVERAGEIFS(tblHourly[Trips],tblHourly[Period],"2015 Jan-Jun",tblHourly[Hour],A22) -> 1075.1278 | E22: =SUMIFS(tblHourly[Trips],tblHourly[Period],"2015 Jan-Jun",tblHourly[Hour],A22,tblHourly[Day Type],"Weekday")/SUMIFS(tblHourly[Trips],tblHourly[Period],"2015 Jan-Jun",tblHourly[Day Type],"Weekday") -> 0.014265686 | H22: =SUMIFS(tblHourly[Trips],tblHourly[Period],"2015 Jan-Jun",tblHourly[Hour],A22,tblHourly[Day Type],"Weekend")/SUMIFS(tblHourly[Trips],tblHourly[Period],"2015 Jan-Jun",tblHourly[Day Type],"Weekend") -> 0.011963332 | L22: Average trips per day by weekday (2015)
A23: 6 | B23: =AVERAGEIFS(tblHourly[Trips],tblHourly[Period],"2015 Jan-Jun",tblHourly[Hour],A23) -> 1602.9611 | E23: =SUMIFS(tblHourly[Trips],tblHourly[Period],"2015 Jan-Jun",tblHourly[Hour],A23,tblHourly[Day Type],"Weekday")/SUMIFS(tblHourly[Trips],tblHourly[Period],"2015 Jan-Jun",tblHourly[Day Type],"Weekday") -> 0.024039764 | H23: =SUMIFS(tblHourly[Trips],tblHourly[Period],"2015 Jan-Jun",tblHourly[Hour],A23,tblHourly[Day Type],"Weekend")/SUMIFS(tblHourly[Trips],tblHourly[Period],"2015 Jan-Jun",tblHourly[Day Type],"Weekend") -> 0.011554846 | L23: Weekday | O23: Avg trips per day
A24: 7 | B24: =AVERAGEIFS(tblHourly[Trips],tblHourly[Period],"2015 Jan-Jun",tblHourly[Hour],A24) -> 2464.1278 | E24: =SUMIFS(tblHourly[Trips],tblHourly[Period],"2015 Jan-Jun",tblHourly[Hour],A24,tblHourly[Day Type],"Weekday")/SUMIFS(tblHourly[Trips],tblHourly[Period],"2015 Jan-Jun",tblHourly[Day Type],"Weekday") -> 0.039009671 | H24: =SUMIFS(tblHourly[Trips],tblHourly[Period],"2015 Jan-Jun",tblHourly[Hour],A24,tblHourly[Day Type],"Weekend")/SUMIFS(tblHourly[Trips],tblHourly[Period],"2015 Jan-Jun",tblHourly[Day Type],"Weekend") -> 0.013102926 | L24: Mon | O24: =AVERAGEIFS(tblDaily[Trips],tblDaily[Period],"2015 Jan-Jun",tblDaily[Weekday],L24) -> 65163.538
A25: 8 | B25: =AVERAGEIFS(tblHourly[Trips],tblHourly[Period],"2015 Jan-Jun",tblHourly[Hour],A25) -> 3222.9171 | E25: =SUMIFS(tblHourly[Trips],tblHourly[Period],"2015 Jan-Jun",tblHourly[Hour],A25,tblHourly[Day Type],"Weekday")/SUMIFS(tblHourly[Trips],tblHourly[Period],"2015 Jan-Jun",tblHourly[Day Type],"Weekday") -> 0.050988909 | H25: =SUMIFS(tblHourly[Trips],tblHourly[Period],"2015 Jan-Jun",tblHourly[Hour],A25,tblHourly[Day Type],"Weekend")/SUMIFS(tblHourly[Trips],tblHourly[Period],"2015 Jan-Jun",tblHourly[Day Type],"Weekend") -> 0.017950952 | L25: Tue | O25: =AVERAGEIFS(tblDaily[Trips],tblDaily[Period],"2015 Jan-Jun",tblDaily[Weekday],L25) -> 72034.692
A26: 9 | B26: =AVERAGEIFS(tblHourly[Trips],tblHourly[Period],"2015 Jan-Jun",tblHourly[Hour],A26) -> 3278.6575 | E26: =SUMIFS(tblHourly[Trips],tblHourly[Period],"2015 Jan-Jun",tblHourly[Hour],A26,tblHourly[Day Type],"Weekday")/SUMIFS(tblHourly[Trips],tblHourly[Period],"2015 Jan-Jun",tblHourly[Day Type],"Weekday") -> 0.049063256 | H26: =SUMIFS(tblHourly[Trips],tblHourly[Period],"2015 Jan-Jun",tblHourly[Hour],A26,tblHourly[Day Type],"Weekend")/SUMIFS(tblHourly[Trips],tblHourly[Period],"2015 Jan-Jun",tblHourly[Day Type],"Weekend") -> 0.024627548 | L26: Wed | O26: =AVERAGEIFS(tblDaily[Trips],tblDaily[Period],"2015 Jan-Jun",tblDaily[Weekday],L26) -> 75752.44
A27: 10 | B27: =AVERAGEIFS(tblHourly[Trips],tblHourly[Period],"2015 Jan-Jun",tblHourly[Hour],A27) -> 2873.4365 | E27: =SUMIFS(tblHourly[Trips],tblHourly[Period],"2015 Jan-Jun",tblHourly[Hour],A27,tblHourly[Day Type],"Weekday")/SUMIFS(tblHourly[Trips],tblHourly[Period],"2015 Jan-Jun",tblHourly[Day Type],"Weekday") -> 0.038533458 | H27: =SUMIFS(tblHourly[Trips],tblHourly[Period],"2015 Jan-Jun",tblHourly[Hour],A27,tblHourly[Day Type],"Weekend")/SUMIFS(tblHourly[Trips],tblHourly[Period],"2015 Jan-Jun",tblHourly[Day Type],"Weekend") -> 0.031710341 | L27: Thu | O27: =AVERAGEIFS(tblDaily[Trips],tblDaily[Period],"2015 Jan-Jun",tblDaily[Weekday],L27) -> 83061.462
A28: 11 | B28: =AVERAGEIFS(tblHourly[Trips],tblHourly[Period],"2015 Jan-Jun",tblHourly[Hour],A28) -> 2854.7845 | E28: =SUMIFS(tblHourly[Trips],tblHourly[Period],"2015 Jan-Jun",tblHourly[Hour],A28,tblHourly[Day Type],"Weekday")/SUMIFS(tblHourly[Trips],tblHourly[Period],"2015 Jan-Jun",tblHourly[Day Type],"Weekday") -> 0.035568437 | H28: =SUMIFS(tblHourly[Trips],tblHourly[Period],"2015 Jan-Jun",tblHourly[Hour],A28,tblHourly[Day Type],"Weekend")/SUMIFS(tblHourly[Trips],tblHourly[Period],"2015 Jan-Jun",tblHourly[Day Type],"Weekend") -> 0.037660638 | L28: Fri | O28: =AVERAGEIFS(tblDaily[Trips],tblDaily[Period],"2015 Jan-Jun",tblDaily[Weekday],L28) -> 87791.192
A29: 12 | B29: =AVERAGEIFS(tblHourly[Trips],tblHourly[Period],"2015 Jan-Jun",tblHourly[Hour],A29) -> 2944.8674 | E29: =SUMIFS(tblHourly[Trips],tblHourly[Period],"2015 Jan-Jun",tblHourly[Hour],A29,tblHourly[Day Type],"Weekday")/SUMIFS(tblHourly[Trips],tblHourly[Period],"2015 Jan-Jun",tblHourly[Day Type],"Weekday") -> 0.035513404 | H29: =SUMIFS(tblHourly[Trips],tblHourly[Period],"2015 Jan-Jun",tblHourly[Hour],A29,tblHourly[Day Type],"Weekend")/SUMIFS(tblHourly[Trips],tblHourly[Period],"2015 Jan-Jun",tblHourly[Day Type],"Weekend") -> 0.041518817 | L29: Sat | O29: =AVERAGEIFS(tblDaily[Trips],tblDaily[Period],"2015 Jan-Jun",tblDaily[Weekday],L29) -> 92867.808
A30: 13 | B30: =AVERAGEIFS(tblHourly[Trips],tblHourly[Period],"2015 Jan-Jun",tblHourly[Hour],A30) -> 2971.8729 | E30: =SUMIFS(tblHourly[Trips],tblHourly[Period],"2015 Jan-Jun",tblHourly[Hour],A30,tblHourly[Day Type],"Weekday")/SUMIFS(tblHourly[Trips],tblHourly[Period],"2015 Jan-Jun",tblHourly[Day Type],"Weekday") -> 0.035176844 | H30: =SUMIFS(tblHourly[Trips],tblHourly[Period],"2015 Jan-Jun",tblHourly[Hour],A30,tblHourly[Day Type],"Weekend")/SUMIFS(tblHourly[Trips],tblHourly[Period],"2015 Jan-Jun",tblHourly[Day Type],"Weekend") -> 0.043401197 | L30: Sun | O30: =AVERAGEIFS(tblDaily[Trips],tblDaily[Period],"2015 Jan-Jun",tblDaily[Weekday],L30) -> 75107
A31: 14 | B31: =AVERAGEIFS(tblHourly[Trips],tblHourly[Period],"2015 Jan-Jun",tblHourly[Hour],A31) -> 3229.0773 | E31: =SUMIFS(tblHourly[Trips],tblHourly[Period],"2015 Jan-Jun",tblHourly[Hour],A31,tblHourly[Day Type],"Weekday")/SUMIFS(tblHourly[Trips],tblHourly[Period],"2015 Jan-Jun",tblHourly[Day Type],"Weekday") -> 0.039402981 | H31: =SUMIFS(tblHourly[Trips],tblHourly[Period],"2015 Jan-Jun",tblHourly[Hour],A31,tblHourly[Day Type],"Weekend")/SUMIFS(tblHourly[Trips],tblHourly[Period],"2015 Jan-Jun",tblHourly[Day Type],"Weekend") -> 0.044477823
A32: 15 | B32: =AVERAGEIFS(tblHourly[Trips],tblHourly[Period],"2015 Jan-Jun",tblHourly[Hour],A32) -> 3587.9227 | E32: =SUMIFS(tblHourly[Trips],tblHourly[Period],"2015 Jan-Jun",tblHourly[Hour],A32,tblHourly[Day Type],"Weekday")/SUMIFS(tblHourly[Trips],tblHourly[Period],"2015 Jan-Jun",tblHourly[Day Type],"Weekday") -> 0.044899726 | H32: =SUMIFS(tblHourly[Trips],tblHourly[Period],"2015 Jan-Jun",tblHourly[Hour],A32,tblHourly[Day Type],"Weekend")/SUMIFS(tblHourly[Trips],tblHourly[Period],"2015 Jan-Jun",tblHourly[Day Type],"Weekend") -> 0.046885694 | L32: Share of trips by time band (2015)
A33: 16 | B33: =AVERAGEIFS(tblHourly[Trips],tblHourly[Period],"2015 Jan-Jun",tblHourly[Hour],A33) -> 4072.7624 | E33: =SUMIFS(tblHourly[Trips],tblHourly[Period],"2015 Jan-Jun",tblHourly[Hour],A33,tblHourly[Day Type],"Weekday")/SUMIFS(tblHourly[Trips],tblHourly[Period],"2015 Jan-Jun",tblHourly[Day Type],"Weekday") -> 0.051273264 | H33: =SUMIFS(tblHourly[Trips],tblHourly[Period],"2015 Jan-Jun",tblHourly[Hour],A33,tblHourly[Day Type],"Weekend")/SUMIFS(tblHourly[Trips],tblHourly[Period],"2015 Jan-Jun",tblHourly[Day Type],"Weekend") -> 0.052527107 | L33: Time band | P33: Mon-Fri | R33: Sat-Sun
A34: 17 | B34: =AVERAGEIFS(tblHourly[Trips],tblHourly[Period],"2015 Jan-Jun",tblHourly[Hour],A34) -> 4773.4254 | E34: =SUMIFS(tblHourly[Trips],tblHourly[Period],"2015 Jan-Jun",tblHourly[Hour],A34,tblHourly[Day Type],"Weekday")/SUMIFS(tblHourly[Trips],tblHourly[Period],"2015 Jan-Jun",tblHourly[Day Type],"Weekday") -> 0.061316953 | H34: =SUMIFS(tblHourly[Trips],tblHourly[Period],"2015 Jan-Jun",tblHourly[Hour],A34,tblHourly[Day Type],"Weekend")/SUMIFS(tblHourly[Trips],tblHourly[Period],"2015 Jan-Jun",tblHourly[Day Type],"Weekend") -> 0.058790867 | L34: Night (0-5) | P34: =SUMIFS(tblHourly[Trips],tblHourly[Period],"2015 Jan-Jun",tblHourly[Time Band],L34,tblHourly[Day Type],"Weekday")/SUMIFS(tblHourly[Trips],tblHourly[Period],"2015 Jan-Jun",tblHourly[Day Type],"Weekday") -> 0.088150377 | R34: =SUMIFS(tblHourly[Trips],tblHourly[Period],"2015 Jan-Jun",tblHourly[Time Band],L34,tblHourly[Day Type],"Weekend")/SUMIFS(tblHourly[Trips],tblHourly[Period],"2015 Jan-Jun",tblHourly[Day Type],"Weekend") -> 0.21398401
A35: 18 | B35: =AVERAGEIFS(tblHourly[Trips],tblHourly[Period],"2015 Jan-Jun",tblHourly[Hour],A35) -> 5453.5525 | E35: =SUMIFS(tblHourly[Trips],tblHourly[Period],"2015 Jan-Jun",tblHourly[Hour],A35,tblHourly[Day Type],"Weekday")/SUMIFS(tblHourly[Trips],tblHourly[Period],"2015 Jan-Jun",tblHourly[Day Type],"Weekday") -> 0.072561373 | H35: =SUMIFS(tblHourly[Trips],tblHourly[Period],"2015 Jan-Jun",tblHourly[Hour],A35,tblHourly[Day Type],"Weekend")/SUMIFS(tblHourly[Trips],tblHourly[Period],"2015 Jan-Jun",tblHourly[Day Type],"Weekend") -> 0.061480831 | L35: Morning peak (6-9) | P35: =SUMIFS(tblHourly[Trips],tblHourly[Period],"2015 Jan-Jun",tblHourly[Time Band],L35,tblHourly[Day Type],"Weekday")/SUMIFS(tblHourly[Trips],tblHourly[Period],"2015 Jan-Jun",tblHourly[Day Type],"Weekday") -> 0.1631016 | R35: =SUMIFS(tblHourly[Trips],tblHourly[Period],"2015 Jan-Jun",tblHourly[Time Band],L35,tblHourly[Day Type],"Weekend")/SUMIFS(tblHourly[Trips],tblHourly[Period],"2015 Jan-Jun",tblHourly[Day Type],"Weekend") -> 0.067236273
A36: 19 | B36: =AVERAGEIFS(tblHourly[Trips],tblHourly[Period],"2015 Jan-Jun",tblHourly[Hour],A36) -> 5566.0994 | E36: =SUMIFS(tblHourly[Trips],tblHourly[Period],"2015 Jan-Jun",tblHourly[Hour],A36,tblHourly[Day Type],"Weekday")/SUMIFS(tblHourly[Trips],tblHourly[Period],"2015 Jan-Jun",tblHourly[Day Type],"Weekday") -> 0.073797345 | H36: =SUMIFS(tblHourly[Trips],tblHourly[Period],"2015 Jan-Jun",tblHourly[Hour],A36,tblHourly[Day Type],"Weekend")/SUMIFS(tblHourly[Trips],tblHourly[Period],"2015 Jan-Jun",tblHourly[Day Type],"Weekend") -> 0.063342603 | L36: Midday (10-15) | P36: =SUMIFS(tblHourly[Trips],tblHourly[Period],"2015 Jan-Jun",tblHourly[Time Band],L36,tblHourly[Day Type],"Weekday")/SUMIFS(tblHourly[Trips],tblHourly[Period],"2015 Jan-Jun",tblHourly[Day Type],"Weekday") -> 0.22909485 | R36: =SUMIFS(tblHourly[Trips],tblHourly[Period],"2015 Jan-Jun",tblHourly[Time Band],L36,tblHourly[Day Type],"Weekend")/SUMIFS(tblHourly[Trips],tblHourly[Period],"2015 Jan-Jun",tblHourly[Day Type],"Weekend") -> 0.24565451
A37: 20 | B37: =AVERAGEIFS(tblHourly[Trips],tblHourly[Period],"2015 Jan-Jun",tblHourly[Hour],A37) -> 5240.7403 | E37: =SUMIFS(tblHourly[Trips],tblHourly[Period],"2015 Jan-Jun",tblHourly[Hour],A37,tblHourly[Day Type],"Weekday")/SUMIFS(tblHourly[Trips],tblHourly[Period],"2015 Jan-Jun",tblHourly[Day Type],"Weekday") -> 0.06950628 | H37: =SUMIFS(tblHourly[Trips],tblHourly[Period],"2015 Jan-Jun",tblHourly[Hour],A37,tblHourly[Day Type],"Weekend")/SUMIFS(tblHourly[Trips],tblHourly[Period],"2015 Jan-Jun",tblHourly[Day Type],"Weekend") -> 0.059588606 | L37: Evening peak (16-19) | P37: =SUMIFS(tblHourly[Trips],tblHourly[Period],"2015 Jan-Jun",tblHourly[Time Band],L37,tblHourly[Day Type],"Weekday")/SUMIFS(tblHourly[Trips],tblHourly[Period],"2015 Jan-Jun",tblHourly[Day Type],"Weekday") -> 0.25894893 | R37: =SUMIFS(tblHourly[Trips],tblHourly[Period],"2015 Jan-Jun",tblHourly[Time Band],L37,tblHourly[Day Type],"Weekend")/SUMIFS(tblHourly[Trips],tblHourly[Period],"2015 Jan-Jun",tblHourly[Day Type],"Weekend") -> 0.23614141
A38: 21 | B38: =AVERAGEIFS(tblHourly[Trips],tblHourly[Period],"2015 Jan-Jun",tblHourly[Hour],A38) -> 5140.674 | E38: =SUMIFS(tblHourly[Trips],tblHourly[Period],"2015 Jan-Jun",tblHourly[Hour],A38,tblHourly[Day Type],"Weekday")/SUMIFS(tblHourly[Trips],tblHourly[Period],"2015 Jan-Jun",tblHourly[Day Type],"Weekday") -> 0.068443182 | H38: =SUMIFS(tblHourly[Trips],tblHourly[Period],"2015 Jan-Jun",tblHourly[Hour],A38,tblHourly[Day Type],"Weekend")/SUMIFS(tblHourly[Trips],tblHourly[Period],"2015 Jan-Jun",tblHourly[Day Type],"Weekend") -> 0.057852082 | L38: Late evening (20-23) | P38: =SUMIFS(tblHourly[Trips],tblHourly[Period],"2015 Jan-Jun",tblHourly[Time Band],L38,tblHourly[Day Type],"Weekday")/SUMIFS(tblHourly[Trips],tblHourly[Period],"2015 Jan-Jun",tblHourly[Day Type],"Weekday") -> 0.26070424 | R38: =SUMIFS(tblHourly[Trips],tblHourly[Period],"2015 Jan-Jun",tblHourly[Time Band],L38,tblHourly[Day Type],"Weekend")/SUMIFS(tblHourly[Trips],tblHourly[Period],"2015 Jan-Jun",tblHourly[Day Type],"Weekend") -> 0.2369838
A39: 22 | B39: =AVERAGEIFS(tblHourly[Trips],tblHourly[Period],"2015 Jan-Jun",tblHourly[Hour],A39) -> 5099.1934 | E39: =SUMIFS(tblHourly[Trips],tblHourly[Period],"2015 Jan-Jun",tblHourly[Hour],A39,tblHourly[Day Type],"Weekday")/SUMIFS(tblHourly[Trips],tblHourly[Period],"2015 Jan-Jun",tblHourly[Day Type],"Weekday") -> 0.066262256 | H39: =SUMIFS(tblHourly[Trips],tblHourly[Period],"2015 Jan-Jun",tblHourly[Hour],A39,tblHourly[Day Type],"Weekend")/SUMIFS(tblHourly[Trips],tblHourly[Period],"2015 Jan-Jun",tblHourly[Day Type],"Weekend") -> 0.061078298
A40: 23 | B40: =AVERAGEIFS(tblHourly[Trips],tblHourly[Period],"2015 Jan-Jun",tblHourly[Hour],A40) -> 4526.6056 | E40: =SUMIFS(tblHourly[Trips],tblHourly[Period],"2015 Jan-Jun",tblHourly[Hour],A40,tblHourly[Day Type],"Weekday")/SUMIFS(tblHourly[Trips],tblHourly[Period],"2015 Jan-Jun",tblHourly[Day Type],"Weekday") -> 0.05649252 | H40: =SUMIFS(tblHourly[Trips],tblHourly[Period],"2015 Jan-Jun",tblHourly[Hour],A40,tblHourly[Day Type],"Weekend")/SUMIFS(tblHourly[Trips],tblHourly[Period],"2015 Jan-Jun",tblHourly[Day Type],"Weekend") -> 0.058464811

Sheet Daily_Calendar
A1: Daily view — busiest and quietest days, planning percentiles, holidays and storms
A2: LARGE/SMALL + INDEX/MATCH on the 'Trips 2015' column; PERCENTILE.INC ignores the blank 2014 rows.
A4: Top 10 days of 2015 | F4: Holidays and storm days vs a normal day (same weekday 1-3 weeks before and after, special days excluded)
A5: Rank | B5: Date | C5: Weekday | D5: Trips | F5: Date | G5: Special day | H5: Trips | I5: Normal day | J5: Baseline days | K5: vs normal
A6: 1 | B6: =INDEX(tblDaily[Date],MATCH(D6,tblDaily[Trips 2015],0)) -> 42182 | C6: =CHOOSE(WEEKDAY(B6,2),"Mon","Tue","Wed","Thu","Fri","Sat","Sun") -> Sat | D6: =LARGE(tblDaily[Trips 2015],A6) -> 136193 | F6: =Lookups!H2 -> 41785 | G6: =Lookups!I2 -> Memorial Day | H6: =SUMIFS(tblDaily[Trips],tblDaily[Date],F6) -> 10202 | I6: =(SUMIFS(tblDaily[Trips],tblDaily[Date],F6-21,tblDaily[Special Day],"No")+SUMIFS(tblDaily[Trips],tblDaily[Date],F6-14,tblDaily[Special Day],"No")+SUMIFS(tblDaily[Trips],tblDaily[Date],F6-7,tblDaily[Special Day],"No")+SUMIFS(tblDaily[Trips],tblDaily[Date],F6+7,tblDaily[Special Day],"No")+SUMIFS(tblDaily[Trips],tblDaily[Date],F6+14,tblDaily[Special Day],"No")+SUMIFS(tblDaily[Trips],tblDaily[Date],F6+21,tblDaily[Special Day],"No"))/(COUNTIFS(tblDaily[Date],F6-21,tblDaily[Special Day],"No")+COUNTIFS(tblDaily[Date],F6-14,tblDaily[Special Day],"No")+COUNTIFS(tblDaily[Date],F6-7,tblDaily[Special Day],"No")+COUNTIFS(tblDaily[Date],F6+7,tblDaily[Special Day],"No")+COUNTIFS(tblDaily[Date],F6+14,tblDaily[Special Day],"No")+COUNTIFS(tblDaily[Date],F6+21,tblDaily[Special Day],"No")) -> 18694.833 | J6: =COUNTIFS(tblDaily[Date],F6-21,tblDaily[Special Day],"No")+COUNTIFS(tblDaily[Date],F6-14,tblDaily[Special Day],"No")+COUNTIFS(tblDaily[Date],F6-7,tblDaily[Special Day],"No")+COUNTIFS(tblDaily[Date],F6+7,tblDaily[Special Day],"No")+COUNTIFS(tblDaily[Date],F6+14,tblDaily[Special Day],"No")+COUNTIFS(tblDaily[Date],F6+21,tblDaily[Special Day],"No") -> 6 | K6: =H6/I6-1 -> -0.45428773
A7: 2 | B7: =INDEX(tblDaily[Date],MATCH(D7,tblDaily[Trips 2015],0)) -> 42140 | C7: =CHOOSE(WEEKDAY(B7,2),"Mon","Tue","Wed","Thu","Fri","Sat","Sun") -> Sat | D7: =LARGE(tblDaily[Trips 2015],A7) -> 121557 | F7: =Lookups!H3 -> 41824 | G7: =Lookups!I3 -> Independence Day | H7: =SUMIFS(tblDaily[Trips],tblDaily[Date],F7) -> 14148 | I7: =(SUMIFS(tblDaily[Trips],tblDaily[Date],F7-21,tblDaily[Special Day],"No")+SUMIFS(tblDaily[Trips],tblDaily[Date],F7-14,tblDaily[Special Day],"No")+SUMIFS(tblDaily[Trips],tblDaily[Date],F7-7,tblDaily[Special Day],"No")+SUMIFS(tblDaily[Trips],tblDaily[Date],F7+7,tblDaily[Special Day],"No")+SUMIFS(tblDaily[Trips],tblDaily[Date],F7+14,tblDaily[Special Day],"No")+SUMIFS(tblDaily[Trips],tblDaily[Date],F7+21,tblDaily[Special Day],"No"))/(COUNTIFS(tblDaily[Date],F7-21,tblDaily[Special Day],"No")+COUNTIFS(tblDaily[Date],F7-14,tblDaily[Special Day],"No")+COUNTIFS(tblDaily[Date],F7-7,tblDaily[Special Day],"No")+COUNTIFS(tblDaily[Date],F7+7,tblDaily[Special Day],"No")+COUNTIFS(tblDaily[Date],F7+14,tblDaily[Special Day],"No")+COUNTIFS(tblDaily[Date],F7+21,tblDaily[Special Day],"No")) -> 28160 | J7: =COUNTIFS(tblDaily[Date],F7-21,tblDaily[Special Day],"No")+COUNTIFS(tblDaily[Date],F7-14,tblDaily[Special Day],"No")+COUNTIFS(tblDaily[Date],F7-7,tblDaily[Special Day],"No")+COUNTIFS(tblDaily[Date],F7+7,tblDaily[Special Day],"No")+COUNTIFS(tblDaily[Date],F7+14,tblDaily[Special Day],"No")+COUNTIFS(tblDaily[Date],F7+21,tblDaily[Special Day],"No") -> 6 | K7: =H7/I7-1 -> -0.49758523
A8: 3 | B8: =INDEX(tblDaily[Date],MATCH(D8,tblDaily[Trips 2015],0)) -> 42119 | C8: =CHOOSE(WEEKDAY(B8,2),"Mon","Tue","Wed","Thu","Fri","Sat","Sun") -> Sat | D8: =LARGE(tblDaily[Trips 2015],A8) -> 106270 | F8: =Lookups!H4 -> 41883 | G8: =Lookups!I4 -> Labor Day | H8: =SUMIFS(tblDaily[Trips],tblDaily[Date],F8) -> 19961 | I8: =(SUMIFS(tblDaily[Trips],tblDaily[Date],F8-21,tblDaily[Special Day],"No")+SUMIFS(tblDaily[Trips],tblDaily[Date],F8-14,tblDaily[Special Day],"No")+SUMIFS(tblDaily[Trips],tblDaily[Date],F8-7,tblDaily[Special Day],"No")+SUMIFS(tblDaily[Trips],tblDaily[Date],F8+7,tblDaily[Special Day],"No")+SUMIFS(tblDaily[Trips],tblDaily[Date],F8+14,tblDaily[Special Day],"No")+SUMIFS(tblDaily[Trips],tblDaily[Date],F8+21,tblDaily[Special Day],"No"))/(COUNTIFS(tblDaily[Date],F8-21,tblDaily[Special Day],"No")+COUNTIFS(tblDaily[Date],F8-14,tblDaily[Special Day],"No")+COUNTIFS(tblDaily[Date],F8-7,tblDaily[Special Day],"No")+COUNTIFS(tblDaily[Date],F8+7,tblDaily[Special Day],"No")+COUNTIFS(tblDaily[Date],F8+14,tblDaily[Special Day],"No")+COUNTIFS(tblDaily[Date],F8+21,tblDaily[Special Day],"No")) -> 25801.167 | J8: =COUNTIFS(tblDaily[Date],F8-21,tblDaily[Special Day],"No")+COUNTIFS(tblDaily[Date],F8-14,tblDaily[Special Day],"No")+COUNTIFS(tblDaily[Date],F8-7,tblDaily[Special Day],"No")+COUNTIFS(tblDaily[Date],F8+7,tblDaily[Special Day],"No")+COUNTIFS(tblDaily[Date],F8+14,tblDaily[Special Day],"No")+COUNTIFS(tblDaily[Date],F8+21,tblDaily[Special Day],"No") -> 6 | K8: =H8/I8-1 -> -0.22635281
A9: 4 | B9: =INDEX(tblDaily[Date],MATCH(D9,tblDaily[Trips 2015],0)) -> 42126 | C9: =CHOOSE(WEEKDAY(B9,2),"Mon","Tue","Wed","Thu","Fri","Sat","Sun") -> Sat | D9: =LARGE(tblDaily[Trips 2015],A9) -> 104978 | F9: =Lookups!H5 -> 42005 | G9: =Lookups!I5 -> New Year's Day | H9: =SUMIFS(tblDaily[Trips],tblDaily[Date],F9) -> 58045 | I9: =(SUMIFS(tblDaily[Trips],tblDaily[Date],F9-21,tblDaily[Special Day],"No")+SUMIFS(tblDaily[Trips],tblDaily[Date],F9-14,tblDaily[Special Day],"No")+SUMIFS(tblDaily[Trips],tblDaily[Date],F9-7,tblDaily[Special Day],"No")+SUMIFS(tblDaily[Trips],tblDaily[Date],F9+7,tblDaily[Special Day],"No")+SUMIFS(tblDaily[Trips],tblDaily[Date],F9+14,tblDaily[Special Day],"No")+SUMIFS(tblDaily[Trips],tblDaily[Date],F9+21,tblDaily[Special Day],"No"))/(COUNTIFS(tblDaily[Date],F9-21,tblDaily[Special Day],"No")+COUNTIFS(tblDaily[Date],F9-14,tblDaily[Special Day],"No")+COUNTIFS(tblDaily[Date],F9-7,tblDaily[Special Day],"No")+COUNTIFS(tblDaily[Date],F9+7,tblDaily[Special Day],"No")+COUNTIFS(tblDaily[Date],F9+14,tblDaily[Special Day],"No")+COUNTIFS(tblDaily[Date],F9+21,tblDaily[Special Day],"No")) -> 69348.667 | J9: =COUNTIFS(tblDaily[Date],F9-21,tblDaily[Special Day],"No")+COUNTIFS(tblDaily[Date],F9-14,tblDaily[Special Day],"No")+COUNTIFS(tblDaily[Date],F9-7,tblDaily[Special Day],"No")+COUNTIFS(tblDaily[Date],F9+7,tblDaily[Special Day],"No")+COUNTIFS(tblDaily[Date],F9+14,tblDaily[Special Day],"No")+COUNTIFS(tblDaily[Date],F9+21,tblDaily[Special Day],"No") -> 3 | K9: =H9/I9-1 -> -0.16299761
A10: 5 | B10: =INDEX(tblDaily[Date],MATCH(D10,tblDaily[Trips 2015],0)) -> 42154 | C10: =CHOOSE(WEEKDAY(B10,2),"Mon","Tue","Wed","Thu","Fri","Sat","Sun") -> Sat | D10: =LARGE(tblDaily[Trips 2015],A10) -> 104429 | F10: =Lookups!H6 -> 42023 | G10: =Lookups!I6 -> Birthday of Martin Luther King, Jr. | H10: =SUMIFS(tblDaily[Trips],tblDaily[Date],F10) -> 47025 | I10: =(SUMIFS(tblDaily[Trips],tblDaily[Date],F10-21,tblDaily[Special Day],"No")+SUMIFS(tblDaily[Trips],tblDaily[Date],F10-14,tblDaily[Special Day],"No")+SUMIFS(tblDaily[Trips],tblDaily[Date],F10-7,tblDaily[Special Day],"No")+SUMIFS(tblDaily[Trips],tblDaily[Date],F10+7,tblDaily[Special Day],"No")+SUMIFS(tblDaily[Trips],tblDaily[Date],F10+14,tblDaily[Special Day],"No")+SUMIFS(tblDaily[Trips],tblDaily[Date],F10+21,tblDaily[Special Day],"No"))/(COUNTIFS(tblDaily[Date],F10-21,tblDaily[Special Day],"No")+COUNTIFS(tblDaily[Date],F10-14,tblDaily[Special Day],"No")+COUNTIFS(tblDaily[Date],F10-7,tblDaily[Special Day],"No")+COUNTIFS(tblDaily[Date],F10+7,tblDaily[Special Day],"No")+COUNTIFS(tblDaily[Date],F10+14,tblDaily[Special Day],"No")+COUNTIFS(tblDaily[Date],F10+21,tblDaily[Special Day],"No")) -> 59042 | J10: =COUNTIFS(tblDaily[Date],F10-21,tblDaily[Special Day],"No")+COUNTIFS(tblDaily[Date],F10-14,tblDaily[Special Day],"No")+COUNTIFS(tblDaily[Date],F10-7,tblDaily[Special Day],"No")+COUNTIFS(tblDaily[Date],F10+7,tblDaily[Special Day],"No")+COUNTIFS(tblDaily[Date],F10+14,tblDaily[Special Day],"No")+COUNTIFS(tblDaily[Date],F10+21,tblDaily[Special Day],"No") -> 4 | K10: =H10/I10-1 -> -0.20353308
A11: 6 | B11: =INDEX(tblDaily[Date],MATCH(D11,tblDaily[Trips 2015],0)) -> 42167 | C11: =CHOOSE(WEEKDAY(B11,2),"Mon","Tue","Wed","Thu","Fri","Sat","Sun") -> Fri | D11: =LARGE(tblDaily[Trips 2015],A11) -> 103052 | F11: =Lookups!H7 -> 42051 | G11: =Lookups!I7 -> Washington's Birthday | H11: =SUMIFS(tblDaily[Trips],tblDaily[Date],F11) -> 73672 | I11: =(SUMIFS(tblDaily[Trips],tblDaily[Date],F11-21,tblDaily[Special Day],"No")+SUMIFS(tblDaily[Trips],tblDaily[Date],F11-14,tblDaily[Special Day],"No")+SUMIFS(tblDaily[Trips],tblDaily[Date],F11-7,tblDaily[Special Day],"No")+SUMIFS(tblDaily[Trips],tblDaily[Date],F11+7,tblDaily[Special Day],"No")+SUMIFS(tblDaily[Trips],tblDaily[Date],F11+14,tblDaily[Special Day],"No")+SUMIFS(tblDaily[Trips],tblDaily[Date],F11+21,tblDaily[Special Day],"No"))/(COUNTIFS(tblDaily[Date],F11-21,tblDaily[Special Day],"No")+COUNTIFS(tblDaily[Date],F11-14,tblDaily[Special Day],"No")+COUNTIFS(tblDaily[Date],F11-7,tblDaily[Special Day],"No")+COUNTIFS(tblDaily[Date],F11+7,tblDaily[Special Day],"No")+COUNTIFS(tblDaily[Date],F11+14,tblDaily[Special Day],"No")+COUNTIFS(tblDaily[Date],F11+21,tblDaily[Special Day],"No")) -> 63474.6 | J11: =COUNTIFS(tblDaily[Date],F11-21,tblDaily[Special Day],"No")+COUNTIFS(tblDaily[Date],F11-14,tblDaily[Special Day],"No")+COUNTIFS(tblDaily[Date],F11-7,tblDaily[Special Day],"No")+COUNTIFS(tblDaily[Date],F11+7,tblDaily[Special Day],"No")+COUNTIFS(tblDaily[Date],F11+14,tblDaily[Special Day],"No")+COUNTIFS(tblDaily[Date],F11+21,tblDaily[Special Day],"No") -> 5 | K11: =H11/I11-1 -> 0.16065324
A12: 7 | B12: =INDEX(tblDaily[Date],MATCH(D12,tblDaily[Trips 2015],0)) -> 42055 | C12: =CHOOSE(WEEKDAY(B12,2),"Mon","Tue","Wed","Thu","Fri","Sat","Sun") -> Fri | D12: =LARGE(tblDaily[Trips 2015],A12) -> 102762 | F12: =Lookups!H8 -> 42149 | G12: =Lookups!I8 -> Memorial Day | H12: =SUMIFS(tblDaily[Trips],tblDaily[Date],F12) -> 59748 | I12: =(SUMIFS(tblDaily[Trips],tblDaily[Date],F12-21,tblDaily[Special Day],"No")+SUMIFS(tblDaily[Trips],tblDaily[Date],F12-14,tblDaily[Special Day],"No")+SUMIFS(tblDaily[Trips],tblDaily[Date],F12-7,tblDaily[Special Day],"No")+SUMIFS(tblDaily[Trips],tblDaily[Date],F12+7,tblDaily[Special Day],"No")+SUMIFS(tblDaily[Trips],tblDaily[Date],F12+14,tblDaily[Special Day],"No")+SUMIFS(tblDaily[Trips],tblDaily[Date],F12+21,tblDaily[Special Day],"No"))/(COUNTIFS(tblDaily[Date],F12-21,tblDaily[Special Day],"No")+COUNTIFS(tblDaily[Date],F12-14,tblDaily[Special Day],"No")+COUNTIFS(tblDaily[Date],F12-7,tblDaily[Special Day],"No")+COUNTIFS(tblDaily[Date],F12+7,tblDaily[Special Day],"No")+COUNTIFS(tblDaily[Date],F12+14,tblDaily[Special Day],"No")+COUNTIFS(tblDaily[Date],F12+21,tblDaily[Special Day],"No")) -> 78071 | J12: =COUNTIFS(tblDaily[Date],F12-21,tblDaily[Special Day],"No")+COUNTIFS(tblDaily[Date],F12-14,tblDaily[Special Day],"No")+COUNTIFS(tblDaily[Date],F12-7,tblDaily[Special Day],"No")+COUNTIFS(tblDaily[Date],F12+7,tblDaily[Special Day],"No")+COUNTIFS(tblDaily[Date],F12+14,tblDaily[Special Day],"No")+COUNTIFS(tblDaily[Date],F12+21,tblDaily[Special Day],"No") -> 6 | K12: =H12/I12-1 -> -0.23469662
A13: 8 | B13: =INDEX(tblDaily[Date],MATCH(D13,tblDaily[Trips 2015],0)) -> 42049 | C13: =CHOOSE(WEEKDAY(B13,2),"Mon","Tue","Wed","Thu","Fri","Sat","Sun") -> Sat | D13: =LARGE(tblDaily[Trips 2015],A13) -> 102347 | F13: =Lookups!H9 -> 42030 | G13: =Lookups!I9 -> Blizzard: travel ban from 11 pm (external event) | H13: =SUMIFS(tblDaily[Trips],tblDaily[Date],F13) -> 44310 | I13: =(SUMIFS(tblDaily[Trips],tblDaily[Date],F13-21,tblDaily[Special Day],"No")+SUMIFS(tblDaily[Trips],tblDaily[Date],F13-14,tblDaily[Special Day],"No")+SUMIFS(tblDaily[Trips],tblDaily[Date],F13-7,tblDaily[Special Day],"No")+SUMIFS(tblDaily[Trips],tblDaily[Date],F13+7,tblDaily[Special Day],"No")+SUMIFS(tblDaily[Trips],tblDaily[Date],F13+14,tblDaily[Special Day],"No")+SUMIFS(tblDaily[Trips],tblDaily[Date],F13+21,tblDaily[Special Day],"No"))/(COUNTIFS(tblDaily[Date],F13-21,tblDaily[Special Day],"No")+COUNTIFS(tblDaily[Date],F13-14,tblDaily[Special Day],"No")+COUNTIFS(tblDaily[Date],F13-7,tblDaily[Special Day],"No")+COUNTIFS(tblDaily[Date],F13+7,tblDaily[Special Day],"No")+COUNTIFS(tblDaily[Date],F13+14,tblDaily[Special Day],"No")+COUNTIFS(tblDaily[Date],F13+21,tblDaily[Special Day],"No")) -> 59042 | J13: =COUNTIFS(tblDaily[Date],F13-21,tblDaily[Special Day],"No")+COUNTIFS(tblDaily[Date],F13-14,tblDaily[Special Day],"No")+COUNTIFS(tblDaily[Date],F13-7,tblDaily[Special Day],"No")+COUNTIFS(tblDaily[Date],F13+7,tblDaily[Special Day],"No")+COUNTIFS(tblDaily[Date],F13+14,tblDaily[Special Day],"No")+COUNTIFS(tblDaily[Date],F13+21,tblDaily[Special Day],"No") -> 4 | K13: =H13/I13-1 -> -0.24951729
A14: 9 | B14: =INDEX(tblDaily[Date],MATCH(D14,tblDaily[Trips 2015],0)) -> 42166 | C14: =CHOOSE(WEEKDAY(B14,2),"Mon","Tue","Wed","Thu","Fri","Sat","Sun") -> Thu | D14: =LARGE(tblDaily[Trips 2015],A14) -> 102013 | F14: =Lookups!H10 -> 42031 | G14: =Lookups!I10 -> Blizzard: travel ban until the morning (external event) | H14: =SUMIFS(tblDaily[Trips],tblDaily[Date],F14) -> 25954 | I14: =(SUMIFS(tblDaily[Trips],tblDaily[Date],F14-21,tblDaily[Special Day],"No")+SUMIFS(tblDaily[Trips],tblDaily[Date],F14-14,tblDaily[Special Day],"No")+SUMIFS(tblDaily[Trips],tblDaily[Date],F14-7,tblDaily[Special Day],"No")+SUMIFS(tblDaily[Trips],tblDaily[Date],F14+7,tblDaily[Special Day],"No")+SUMIFS(tblDaily[Trips],tblDaily[Date],F14+14,tblDaily[Special Day],"No")+SUMIFS(tblDaily[Trips],tblDaily[Date],F14+21,tblDaily[Special Day],"No"))/(COUNTIFS(tblDaily[Date],F14-21,tblDaily[Special Day],"No")+COUNTIFS(tblDaily[Date],F14-14,tblDaily[Special Day],"No")+COUNTIFS(tblDaily[Date],F14-7,tblDaily[Special Day],"No")+COUNTIFS(tblDaily[Date],F14+7,tblDaily[Special Day],"No")+COUNTIFS(tblDaily[Date],F14+14,tblDaily[Special Day],"No")+COUNTIFS(tblDaily[Date],F14+21,tblDaily[Special Day],"No")) -> 64353.5 | J14: =COUNTIFS(tblDaily[Date],F14-21,tblDaily[Special Day],"No")+COUNTIFS(tblDaily[Date],F14-14,tblDaily[Special Day],"No")+COUNTIFS(tblDaily[Date],F14-7,tblDaily[Special Day],"No")+COUNTIFS(tblDaily[Date],F14+7,tblDaily[Special Day],"No")+COUNTIFS(tblDaily[Date],F14+14,tblDaily[Special Day],"No")+COUNTIFS(tblDaily[Date],F14+21,tblDaily[Special Day],"No") -> 6 | K14: =H14/I14-1 -> -0.59669637
A15: 10 | B15: =INDEX(tblDaily[Date],MATCH(D15,tblDaily[Trips 2015],0)) -> 42160 | C15: =CHOOSE(WEEKDAY(B15,2),"Mon","Tue","Wed","Thu","Fri","Sat","Sun") -> Fri | D15: =LARGE(tblDaily[Trips 2015],A15) -> 101922
A17: Quietest 5 days of 2015
A18: Rank | B18: Date | C18: Weekday | D18: Trips
A19: 1 | B19: =INDEX(tblDaily[Date],MATCH(D19,tblDaily[Trips 2015],0)) -> 42031 | C19: =CHOOSE(WEEKDAY(B19,2),"Mon","Tue","Wed","Thu","Fri","Sat","Sun") -> Tue | D19: =SMALL(tblDaily[Trips 2015],A19) -> 25954
A20: 2 | B20: =INDEX(tblDaily[Date],MATCH(D20,tblDaily[Trips 2015],0)) -> 42006 | C20: =CHOOSE(WEEKDAY(B20,2),"Mon","Tue","Wed","Thu","Fri","Sat","Sun") -> Fri | D20: =SMALL(tblDaily[Trips 2015],A20) -> 40287
A21: 3 | B21: =INDEX(tblDaily[Date],MATCH(D21,tblDaily[Trips 2015],0)) -> 42008 | C21: =CHOOSE(WEEKDAY(B21,2),"Mon","Tue","Wed","Thu","Fri","Sat","Sun") -> Sun | D21: =SMALL(tblDaily[Trips 2015],A21) -> 41943
A22: 4 | B22: =INDEX(tblDaily[Date],MATCH(D22,tblDaily[Trips 2015],0)) -> 42009 | C22: =CHOOSE(WEEKDAY(B22,2),"Mon","Tue","Wed","Thu","Fri","Sat","Sun") -> Mon | D22: =SMALL(tblDaily[Trips 2015],A22) -> 43678
A23: 5 | B23: =INDEX(tblDaily[Date],MATCH(D23,tblDaily[Trips 2015],0)) -> 42030 | C23: =CHOOSE(WEEKDAY(B23,2),"Mon","Tue","Wed","Thu","Fri","Sat","Sun") -> Mon | D23: =SMALL(tblDaily[Trips 2015],A23) -> 44310
A25: Daily volume to plan for (2015)
A26: 10th percentile | D26: =_xlfn.PERCENTILE.INC(tblDaily[Trips 2015],0.1) -> 59748
A27: Median | D27: =_xlfn.PERCENTILE.INC(tblDaily[Trips 2015],0.5) -> 78343
A28: 90th percentile | D28: =_xlfn.PERCENTILE.INC(tblDaily[Trips 2015],0.9) -> 99756

Sheet Geography
A1: Geography, Jan-Jun 2015 — service areas, zones and airports
A2: Service area = borough, with JFK, LaGuardia and Newark as 'Airports'. Zone names via VLOOKUP on the Lookups sheet. Zone rank = RANK.EQ + COUNTIF tie-break; cumulative share adds zones from the busiest down.
K4: All zones — trips, rank and cumulative share | R4: Top 15 zones
A5: Service area | B5: Trips | C5: Share | D5: Share (known zones) | E5: Trips/day Jan | F5: Trips/day Jun | G5: Growth Jan-Jun | H5: Share Jan | I5: Share Jun | K5: ID | L5: Zone | M5: Borough | N5: Trips | O5: Rank | P5: Cum. share | R5: Rank | S5: Zone | T5: Borough | U5: Trips | V5: Share
A6: Manhattan | B6: =SUMIFS(tblZoneMonthly[Trips],tblZoneMonthly[Service Area],A6) -> 10371060 | C6: =B6/SUM($B$6:$B$12) -> 0.72674926 | D6: =IF(A6="Unknown","",B6/(SUM($B$6:$B$12)-$B$12)) -> 0.7270684 | E6: =SUMIFS(tblZoneMonthly[Trips],tblZoneMonthly[Service Area],A6,tblZoneMonthly[Month],DATE(2015,1,1))/COUNTIFS(tblDaily[Date],">="&DATE(2015,1,1),tblDaily[Date],"<"&EDATE(DATE(2015,1,1),1)) -> 47092.742 | F6: =SUMIFS(tblZoneMonthly[Trips],tblZoneMonthly[Service Area],A6,tblZoneMonthly[Month],DATE(2015,6,1))/COUNTIFS(tblDaily[Date],">="&DATE(2015,6,1),tblDaily[Date],"<"&EDATE(DATE(2015,6,1),1)) -> 66531.267 | G6: =F6/E6-1 -> 0.41277114 | H6: =IF(A6="Unknown","",SUMIFS(tblZoneMonthly[Trips],tblZoneMonthly[Service Area],A6,tblZoneMonthly[Month],DATE(2015,1,1))/(SUMIFS(tblZoneMonthly[Trips],tblZoneMonthly[Month],DATE(2015,1,1))-SUMIFS(tblZoneMonthly[Trips],tblZoneMonthly[Service Area],"Unknown",tblZoneMonthly[Month],DATE(2015,1,1)))) -> 0.74748509 | I6: =IF(A6="Unknown","",SUMIFS(tblZoneMonthly[Trips],tblZoneMonthly[Service Area],A6,tblZoneMonthly[Month],DATE(2015,6,1))/(SUMIFS(tblZoneMonthly[Trips],tblZoneMonthly[Month],DATE(2015,6,1))-SUMIFS(tblZoneMonthly[Trips],tblZoneMonthly[Service Area],"Unknown",tblZoneMonthly[Month],DATE(2015,6,1)))) -> 0.70893107 | K6: 1 | L6: =VLOOKUP(K6,ZoneTable,3,FALSE) -> Newark Airport | M6: =VLOOKUP(K6,ZoneTable,2,FALSE) -> EWR | N6: =SUMIFS(tblZoneMonthly[Trips],tblZoneMonthly[Location ID],K6) -> 105 | O6: =_xlfn.RANK.EQ(N6,$N$6:$N$270,0) -> 252 | P6: =SUMIFS($N$6:$N$270,$O$6:$O$270,"<="&1)/SUM($N$6:$N$270) -> 0.032285672 | R6: 1 | S6: =INDEX($L$6:$L$270,MATCH(R6,$O$6:$O$270,0)) -> Midtown Center | T6: =INDEX($M$6:$M$270,MATCH(R6,$O$6:$O$270,0)) -> Manhattan | U6: =INDEX($N$6:$N$270,MATCH(R6,$O$6:$O$270,0)) -> 460732 | V6: =U6/SUM($N$6:$N$270) -> 0.032285672
A7: Brooklyn | B7: =SUMIFS(tblZoneMonthly[Trips],tblZoneMonthly[Service Area],A7) -> 2322000 | C7: =B7/SUM($B$6:$B$12) -> 0.16271353 | D7: =IF(A7="Unknown","",B7/(SUM($B$6:$B$12)-$B$12)) -> 0.16278498 | E7: =SUMIFS(tblZoneMonthly[Trips],tblZoneMonthly[Service Area],A7,tblZoneMonthly[Month],DATE(2015,1,1))/COUNTIFS(tblDaily[Date],">="&DATE(2015,1,1),tblDaily[Date],"<"&EDATE(DATE(2015,1,1),1)) -> 10007.548 | F7: =SUMIFS(tblZoneMonthly[Trips],tblZoneMonthly[Service Area],A7,tblZoneMonthly[Month],DATE(2015,6,1))/COUNTIFS(tblDaily[Date],">="&DATE(2015,6,1),tblDaily[Date],"<"&EDATE(DATE(2015,6,1),1)) -> 16084.567 | G7: =F7/E7-1 -> 0.60724346 | H7: =IF(A7="Unknown","",SUMIFS(tblZoneMonthly[Trips],tblZoneMonthly[Service Area],A7,tblZoneMonthly[Month],DATE(2015,1,1))/(SUMIFS(tblZoneMonthly[Trips],tblZoneMonthly[Month],DATE(2015,1,1))-SUMIFS(tblZoneMonthly[Trips],tblZoneMonthly[Service Area],"Unknown",tblZoneMonthly[Month],DATE(2015,1,1)))) -> 0.15884599 | I7: =IF(A7="Unknown","",SUMIFS(tblZoneMonthly[Trips],tblZoneMonthly[Service Area],A7,tblZoneMonthly[Month],DATE(2015,6,1))/(SUMIFS(tblZoneMonthly[Trips],tblZoneMonthly[Month],DATE(2015,6,1))-SUMIFS(tblZoneMonthly[Trips],tblZoneMonthly[Service Area],"Unknown",tblZoneMonthly[Month],DATE(2015,6,1)))) -> 0.17139083 | K7: 2 | L7: =VLOOKUP(K7,ZoneTable,3,FALSE) -> Jamaica Bay | M7: =VLOOKUP(K7,ZoneTable,2,FALSE) -> Queens | N7: =SUMIFS(tblZoneMonthly[Trips],tblZoneMonthly[Location ID],K7) -> 8 | O7: =_xlfn.RANK.EQ(N7,$N$6:$N$270,0)+COUNTIF($N$6:N6,N7) -> 260 | P7: =SUMIFS($N$6:$N$270,$O$6:$O$270,"<="&2)/SUM($N$6:$N$270) -> 0.061742006 | R7: 2 | S7: =INDEX($L$6:$L$270,MATCH(R7,$O$6:$O$270,0)) -> TriBeCa/Civic Center | T7: =INDEX($M$6:$M$270,MATCH(R7,$O$6:$O$270,0)) -> Manhattan | U7: =INDEX($N$6:$N$270,MATCH(R7,$O$6:$O$270,0)) -> 420356 | V7: =U7/SUM($N$6:$N$270) -> 0.029456334
A8: Queens | B8: =SUMIFS(tblZoneMonthly[Trips],tblZoneMonthly[Service Area],A8) -> 788657 | C8: =B8/SUM($B$6:$B$12) -> 0.055264928 | D8: =IF(A8="Unknown","",B8/(SUM($B$6:$B$12)-$B$12)) -> 0.055289197 | E8: =SUMIFS(tblZoneMonthly[Trips],tblZoneMonthly[Service Area],A8,tblZoneMonthly[Month],DATE(2015,1,1))/COUNTIFS(tblDaily[Date],">="&DATE(2015,1,1),tblDaily[Date],"<"&EDATE(DATE(2015,1,1),1)) -> 2921.5484 | F8: =SUMIFS(tblZoneMonthly[Trips],tblZoneMonthly[Service Area],A8,tblZoneMonthly[Month],DATE(2015,6,1))/COUNTIFS(tblDaily[Date],">="&DATE(2015,6,1),tblDaily[Date],"<"&EDATE(DATE(2015,6,1),1)) -> 5698.3667 | G8: =F8/E8-1 -> 0.95046116 | H8: =IF(A8="Unknown","",SUMIFS(tblZoneMonthly[Trips],tblZoneMonthly[Service Area],A8,tblZoneMonthly[Month],DATE(2015,1,1))/(SUMIFS(tblZoneMonthly[Trips],tblZoneMonthly[Month],DATE(2015,1,1))-SUMIFS(tblZoneMonthly[Trips],tblZoneMonthly[Service Area],"Unknown",tblZoneMonthly[Month],DATE(2015,1,1)))) -> 0.04637262 | I8: =IF(A8="Unknown","",SUMIFS(tblZoneMonthly[Trips],tblZoneMonthly[Service Area],A8,tblZoneMonthly[Month],DATE(2015,6,1))/(SUMIFS(tblZoneMonthly[Trips],tblZoneMonthly[Month],DATE(2015,6,1))-SUMIFS(tblZoneMonthly[Trips],tblZoneMonthly[Service Area],"Unknown",tblZoneMonthly[Month],DATE(2015,6,1)))) -> 0.060719559 | K8: 3 | L8: =VLOOKUP(K8,ZoneTable,3,FALSE) -> Allerton/Pelham Gardens | M8: =VLOOKUP(K8,ZoneTable,2,FALSE) -> Bronx | N8: =SUMIFS(tblZoneMonthly[Trips],tblZoneMonthly[Location ID],K8) -> 3684 | O8: =_xlfn.RANK.EQ(N8,$N$6:$N$270,0)+COUNTIF($N$6:N7,N8) -> 191 | P8: =SUMIFS($N$6:$N$270,$O$6:$O$270,"<="&3)/SUM($N$6:$N$270) -> 0.091106472 | R8: 3 | S8: =INDEX($L$6:$L$270,MATCH(R8,$O$6:$O$270,0)) -> Union Sq | T8: =INDEX($M$6:$M$270,MATCH(R8,$O$6:$O$270,0)) -> Manhattan | U8: =INDEX($N$6:$N$270,MATCH(R8,$O$6:$O$270,0)) -> 419045 | V8: =U8/SUM($N$6:$N$270) -> 0.029364466
A9: Airports | B9: =SUMIFS(tblZoneMonthly[Trips],tblZoneMonthly[Service Area],A9) -> 555393 | C9: =B9/SUM($B$6:$B$12) -> 0.038919016 | D9: =IF(A9="Unknown","",B9/(SUM($B$6:$B$12)-$B$12)) -> 0.038936107 | E9: =SUMIFS(tblZoneMonthly[Trips],tblZoneMonthly[Service Area],A9,tblZoneMonthly[Month],DATE(2015,1,1))/COUNTIFS(tblDaily[Date],">="&DATE(2015,1,1),tblDaily[Date],"<"&EDATE(DATE(2015,1,1),1)) -> 2225.4516 | F9: =SUMIFS(tblZoneMonthly[Trips],tblZoneMonthly[Service Area],A9,tblZoneMonthly[Month],DATE(2015,6,1))/COUNTIFS(tblDaily[Date],">="&DATE(2015,6,1),tblDaily[Date],"<"&EDATE(DATE(2015,6,1),1)) -> 3843.8667 | G9: =F9/E9-1 -> 0.72722994 | H9: =IF(A9="Unknown","",SUMIFS(tblZoneMonthly[Trips],tblZoneMonthly[Service Area],A9,tblZoneMonthly[Month],DATE(2015,1,1))/(SUMIFS(tblZoneMonthly[Trips],tblZoneMonthly[Month],DATE(2015,1,1))-SUMIFS(tblZoneMonthly[Trips],tblZoneMonthly[Service Area],"Unknown",tblZoneMonthly[Month],DATE(2015,1,1)))) -> 0.035323743 | I9: =IF(A9="Unknown","",SUMIFS(tblZoneMonthly[Trips],tblZoneMonthly[Service Area],A9,tblZoneMonthly[Month],DATE(2015,6,1))/(SUMIFS(tblZoneMonthly[Trips],tblZoneMonthly[Month],DATE(2015,6,1))-SUMIFS(tblZoneMonthly[Trips],tblZoneMonthly[Service Area],"Unknown",tblZoneMonthly[Month],DATE(2015,6,1)))) -> 0.040958735 | K9: 4 | L9: =VLOOKUP(K9,ZoneTable,3,FALSE) -> Alphabet City | M9: =VLOOKUP(K9,ZoneTable,2,FALSE) -> Manhattan | N9: =SUMIFS(tblZoneMonthly[Trips],tblZoneMonthly[Location ID],K9) -> 89319 | O9: =_xlfn.RANK.EQ(N9,$N$6:$N$270,0)+COUNTIF($N$6:N8,N9) -> 52 | P9: =SUMIFS($N$6:$N$270,$O$6:$O$270,"<="&4)/SUM($N$6:$N$270) -> 0.1196683 | R9: 4 | S9: =INDEX($L$6:$L$270,MATCH(R9,$O$6:$O$270,0)) -> East Village | T9: =INDEX($M$6:$M$270,MATCH(R9,$O$6:$O$270,0)) -> Manhattan | U9: =INDEX($N$6:$N$270,MATCH(R9,$O$6:$O$270,0)) -> 407591 | V9: =U9/SUM($N$6:$N$270) -> 0.02856183
A10: Bronx | B10: =SUMIFS(tblZoneMonthly[Trips],tblZoneMonthly[Service Area],A10) -> 220146 | C10: =B10/SUM($B$6:$B$12) -> 0.015426672 | D10: =IF(A10="Unknown","",B10/(SUM($B$6:$B$12)-$B$12)) -> 0.015433447 | E10: =SUMIFS(tblZoneMonthly[Trips],tblZoneMonthly[Service Area],A10,tblZoneMonthly[Month],DATE(2015,1,1))/COUNTIFS(tblDaily[Date],">="&DATE(2015,1,1),tblDaily[Date],"<"&EDATE(DATE(2015,1,1),1)) -> 727.74194 | F10: =SUMIFS(tblZoneMonthly[Trips],tblZoneMonthly[Service Area],A10,tblZoneMonthly[Month],DATE(2015,6,1))/COUNTIFS(tblDaily[Date],">="&DATE(2015,6,1),tblDaily[Date],"<"&EDATE(DATE(2015,6,1),1)) -> 1633.4333 | G10: =F10/E10-1 -> 1.2445228 | H10: =IF(A10="Unknown","",SUMIFS(tblZoneMonthly[Trips],tblZoneMonthly[Service Area],A10,tblZoneMonthly[Month],DATE(2015,1,1))/(SUMIFS(tblZoneMonthly[Trips],tblZoneMonthly[Month],DATE(2015,1,1))-SUMIFS(tblZoneMonthly[Trips],tblZoneMonthly[Service Area],"Unknown",tblZoneMonthly[Month],DATE(2015,1,1)))) -> 0.011551169 | I10: =IF(A10="Unknown","",SUMIFS(tblZoneMonthly[Trips],tblZoneMonthly[Service Area],A10,tblZoneMonthly[Month],DATE(2015,6,1))/(SUMIFS(tblZoneMonthly[Trips],tblZoneMonthly[Month],DATE(2015,6,1))-SUMIFS(tblZoneMonthly[Trips],tblZoneMonthly[Service Area],"Unknown",tblZoneMonthly[Month],DATE(2015,6,1)))) -> 0.017405225 | K10: 5 | L10: =VLOOKUP(K10,ZoneTable,3,FALSE) -> Arden Heights | M10: =VLOOKUP(K10,ZoneTable,2,FALSE) -> Staten Island | N10: =SUMIFS(tblZoneMonthly[Trips],tblZoneMonthly[Location ID],K10) -> 26 | O10: =_xlfn.RANK.EQ(N10,$N$6:$N$270,0)+COUNTIF($N$6:N9,N10) -> 256 | P10: =SUMIFS($N$6:$N$270,$O$6:$O$270,"<="&5)/SUM($N$6:$N$270) -> 0.14237175 | R10: 5 | S10: =INDEX($L$6:$L$270,MATCH(R10,$O$6:$O$270,0)) -> West Village | T10: =INDEX($M$6:$M$270,MATCH(R10,$O$6:$O$270,0)) -> Manhattan | U10: =INDEX($N$6:$N$270,MATCH(R10,$O$6:$O$270,0)) -> 323989 | V10: =U10/SUM($N$6:$N$270) -> 0.022703443
A11: Staten Island | B11: =SUMIFS(tblZoneMonthly[Trips],tblZoneMonthly[Service Area],A11) -> 6959 | C11: =B11/SUM($B$6:$B$12) -> 0.00048765006 | D11: =IF(A11="Unknown","",B11/(SUM($B$6:$B$12)-$B$12)) -> 0.00048786421 | E11: =SUMIFS(tblZoneMonthly[Trips],tblZoneMonthly[Service Area],A11,tblZoneMonthly[Month],DATE(2015,1,1))/COUNTIFS(tblDaily[Date],">="&DATE(2015,1,1),tblDaily[Date],"<"&EDATE(DATE(2015,1,1),1)) -> 26.548387 | F11: =SUMIFS(tblZoneMonthly[Trips],tblZoneMonthly[Service Area],A11,tblZoneMonthly[Month],DATE(2015,6,1))/COUNTIFS(tblDaily[Date],">="&DATE(2015,6,1),tblDaily[Date],"<"&EDATE(DATE(2015,6,1),1)) -> 55.8 | G11: =F11/E11-1 -> 1.1018226 | H11: =IF(A11="Unknown","",SUMIFS(tblZoneMonthly[Trips],tblZoneMonthly[Service Area],A11,tblZoneMonthly[Month],DATE(2015,1,1))/(SUMIFS(tblZoneMonthly[Trips],tblZoneMonthly[Month],DATE(2015,1,1))-SUMIFS(tblZoneMonthly[Trips],tblZoneMonthly[Service Area],"Unknown",tblZoneMonthly[Month],DATE(2015,1,1)))) -> 0.0004213924 | I11: =IF(A11="Unknown","",SUMIFS(tblZoneMonthly[Trips],tblZoneMonthly[Service Area],A11,tblZoneMonthly[Month],DATE(2015,6,1))/(SUMIFS(tblZoneMonthly[Trips],tblZoneMonthly[Month],DATE(2015,6,1))-SUMIFS(tblZoneMonthly[Trips],tblZoneMonthly[Service Area],"Unknown",tblZoneMonthly[Month],DATE(2015,6,1)))) -> 0.0005945829 | K11: 6 | L11: =VLOOKUP(K11,ZoneTable,3,FALSE) -> Arrochar/Fort Wadsworth | M11: =VLOOKUP(K11,ZoneTable,2,FALSE) -> Staten Island | N11: =SUMIFS(tblZoneMonthly[Trips],tblZoneMonthly[Location ID],K11) -> 662 | O11: =_xlfn.RANK.EQ(N11,$N$6:$N$270,0)+COUNTIF($N$6:N10,N11) -> 230 | P11: =SUMIFS($N$6:$N$270,$O$6:$O$270,"<="&6)/SUM($N$6:$N$270) -> 0.16450968 | R11: 6 | S11: =INDEX($L$6:$L$270,MATCH(R11,$O$6:$O$270,0)) -> Times Sq/Theatre District | T11: =INDEX($M$6:$M$270,MATCH(R11,$O$6:$O$270,0)) -> Manhattan | U11: =INDEX($N$6:$N$270,MATCH(R11,$O$6:$O$270,0)) -> 315919 | V11: =U11/SUM($N$6:$N$270) -> 0.022137939
A12: Unknown | B12: =SUMIFS(tblZoneMonthly[Trips],tblZoneMonthly[Service Area],A12) -> 6264 | C12: =B12/SUM($B$6:$B$12) -> 0.00043894813 | D12: =IF(A12="Unknown","",B12/(SUM($B$6:$B$12)-$B$12)) | E12: =SUMIFS(tblZoneMonthly[Trips],tblZoneMonthly[Service Area],A12,tblZoneMonthly[Month],DATE(2015,1,1))/COUNTIFS(tblDaily[Date],">="&DATE(2015,1,1),tblDaily[Date],"<"&EDATE(DATE(2015,1,1),1)) -> 24.258065 | F12: =SUMIFS(tblZoneMonthly[Trips],tblZoneMonthly[Service Area],A12,tblZoneMonthly[Month],DATE(2015,6,1))/COUNTIFS(tblDaily[Date],">="&DATE(2015,6,1),tblDaily[Date],"<"&EDATE(DATE(2015,6,1),1)) -> 49.2 | G12: =F12/E12-1 -> 1.0281915 | H12: =IF(A12="Unknown","",SUMIFS(tblZoneMonthly[Trips],tblZoneMonthly[Service Area],A12,tblZoneMonthly[Month],DATE(2015,1,1))/(SUMIFS(tblZoneMonthly[Trips],tblZoneMonthly[Month],DATE(2015,1,1))-SUMIFS(tblZoneMonthly[Trips],tblZoneMonthly[Service Area],"Unknown",tblZoneMonthly[Month],DATE(2015,1,1)))) | I12: =IF(A12="Unknown","",SUMIFS(tblZoneMonthly[Trips],tblZoneMonthly[Service Area],A12,tblZoneMonthly[Month],DATE(2015,6,1))/(SUMIFS(tblZoneMonthly[Trips],tblZoneMonthly[Month],DATE(2015,6,1))-SUMIFS(tblZoneMonthly[Trips],tblZoneMonthly[Service Area],"Unknown",tblZoneMonthly[Month],DATE(2015,6,1)))) | K12: 7 | L12: =VLOOKUP(K12,ZoneTable,3,FALSE) -> Astoria | M12: =VLOOKUP(K12,ZoneTable,2,FALSE) -> Queens | N12: =SUMIFS(tblZoneMonthly[Trips],tblZoneMonthly[Location ID],K12) -> 90870 | O12: =_xlfn.RANK.EQ(N12,$N$6:$N$270,0)+COUNTIF($N$6:N11,N12) -> 50 | P12: =SUMIFS($N$6:$N$270,$O$6:$O$270,"<="&7)/SUM($N$6:$N$270) -> 0.18551676 | R12: 7 | S12: =INDEX($L$6:$L$270,MATCH(R12,$O$6:$O$270,0)) -> East Chelsea | T12: =INDEX($M$6:$M$270,MATCH(R12,$O$6:$O$270,0)) -> Manhattan | U12: =INDEX($N$6:$N$270,MATCH(R12,$O$6:$O$270,0)) -> 299781 | V12: =U12/SUM($N$6:$N$270) -> 0.021007073
K13: 8 | L13: =VLOOKUP(K13,ZoneTable,3,FALSE) -> Astoria Park | M13: =VLOOKUP(K13,ZoneTable,2,FALSE) -> Queens | N13: =SUMIFS(tblZoneMonthly[Trips],tblZoneMonthly[Location ID],K13) -> 369 | O13: =_xlfn.RANK.EQ(N13,$N$6:$N$270,0)+COUNTIF($N$6:N12,N13) -> 243 | P13: =SUMIFS($N$6:$N$270,$O$6:$O$270,"<="&8)/SUM($N$6:$N$270) -> 0.20631031 | R13: 8 | S13: =INDEX($L$6:$L$270,MATCH(R13,$O$6:$O$270,0)) -> Midtown North | T13: =INDEX($M$6:$M$270,MATCH(R13,$O$6:$O$270,0)) -> Manhattan | U13: =INDEX($N$6:$N$270,MATCH(R13,$O$6:$O$270,0)) -> 296734 | V13: =U13/SUM($N$6:$N$270) -> 0.020793556
K14: 9 | L14: =VLOOKUP(K14,ZoneTable,3,FALSE) -> Auburndale | M14: =VLOOKUP(K14,ZoneTable,2,FALSE) -> Queens | N14: =SUMIFS(tblZoneMonthly[Trips],tblZoneMonthly[Location ID],K14) -> 3040 | O14: =_xlfn.RANK.EQ(N14,$N$6:$N$270,0)+COUNTIF($N$6:N13,N14) -> 203 | P14: =SUMIFS($N$6:$N$270,$O$6:$O$270,"<="&9)/SUM($N$6:$N$270) -> 0.22667053 | R14: 9 | S14: =INDEX($L$6:$L$270,MATCH(R14,$O$6:$O$270,0)) -> Murray Hill | T14: =INDEX($M$6:$M$270,MATCH(R14,$O$6:$O$270,0)) -> Manhattan | U14: =INDEX($N$6:$N$270,MATCH(R14,$O$6:$O$270,0)) -> 290550 | V14: =U14/SUM($N$6:$N$270) -> 0.020360214
A15: Key figures | K15: 10 | L15: =VLOOKUP(K15,ZoneTable,3,FALSE) -> Baisley Park | M15: =VLOOKUP(K15,ZoneTable,2,FALSE) -> Queens | N15: =SUMIFS(tblZoneMonthly[Trips],tblZoneMonthly[Location ID],K15) -> 6812 | O15: =_xlfn.RANK.EQ(N15,$N$6:$N$270,0)+COUNTIF($N$6:N14,N15) -> 152 | P15: =SUMIFS($N$6:$N$270,$O$6:$O$270,"<="&10)/SUM($N$6:$N$270) -> 0.24693397 | R15: 10 | S15: =INDEX($L$6:$L$270,MATCH(R15,$O$6:$O$270,0)) -> JFK Airport | T15: =INDEX($M$6:$M$270,MATCH(R15,$O$6:$O$270,0)) -> Queens | U15: =INDEX($N$6:$N$270,MATCH(R15,$O$6:$O$270,0)) -> 289169 | V15: =U15/SUM($N$6:$N$270) -> 0.02026344
A16: Share of pickups outside Manhattan, Jan | E16: =1-H6 -> 0.25251491 | K16: 11 | L16: =VLOOKUP(K16,ZoneTable,3,FALSE) -> Bath Beach | M16: =VLOOKUP(K16,ZoneTable,2,FALSE) -> Brooklyn | N16: =SUMIFS(tblZoneMonthly[Trips],tblZoneMonthly[Location ID],K16) -> 3559 | O16: =_xlfn.RANK.EQ(N16,$N$6:$N$270,0)+COUNTIF($N$6:N15,N16) -> 196 | P16: =SUMIFS($N$6:$N$270,$O$6:$O$270,"<="&11)/SUM($N$6:$N$270) -> 0.26694157 | R16: 11 | S16: =INDEX($L$6:$L$270,MATCH(R16,$O$6:$O$270,0)) -> Midtown East | T16: =INDEX($M$6:$M$270,MATCH(R16,$O$6:$O$270,0)) -> Manhattan | U16: =INDEX($N$6:$N$270,MATCH(R16,$O$6:$O$270,0)) -> 285518 | V16: =U16/SUM($N$6:$N$270) -> 0.020007598
A17: Share of pickups outside Manhattan, Jun | E17: =1-I6 -> 0.29106893 | K17: 12 | L17: =VLOOKUP(K17,ZoneTable,3,FALSE) -> Battery Park | M17: =VLOOKUP(K17,ZoneTable,2,FALSE) -> Manhattan | N17: =SUMIFS(tblZoneMonthly[Trips],tblZoneMonthly[Location ID],K17) -> 2579 | O17: =_xlfn.RANK.EQ(N17,$N$6:$N$270,0)+COUNTIF($N$6:N16,N17) -> 211 | P17: =SUMIFS($N$6:$N$270,$O$6:$O$270,"<="&12)/SUM($N$6:$N$270) -> 0.28687881 | R17: 12 | S17: =INDEX($L$6:$L$270,MATCH(R17,$O$6:$O$270,0)) -> Upper East Side South | T17: =INDEX($M$6:$M$270,MATCH(R17,$O$6:$O$270,0)) -> Manhattan | U17: =INDEX($N$6:$N$270,MATCH(R17,$O$6:$O$270,0)) -> 284514 | V17: =U17/SUM($N$6:$N$270) -> 0.019937242
A18: Zones for 50% of trips | E18: =COUNTIF($P$6:$P$270,"<0.5")+1 -> 25 | K18: 13 | L18: =VLOOKUP(K18,ZoneTable,3,FALSE) -> Battery Park City | M18: =VLOOKUP(K18,ZoneTable,2,FALSE) -> Manhattan | N18: =SUMIFS(tblZoneMonthly[Trips],tblZoneMonthly[Location ID],K18) -> 139993 | O18: =_xlfn.RANK.EQ(N18,$N$6:$N$270,0)+COUNTIF($N$6:N17,N18) -> 38 | P18: =SUMIFS($N$6:$N$270,$O$6:$O$270,"<="&13)/SUM($N$6:$N$270) -> 0.30643667 | R18: 13 | S18: =INDEX($L$6:$L$270,MATCH(R18,$O$6:$O$270,0)) -> West Chelsea/Hudson Yards | T18: =INDEX($M$6:$M$270,MATCH(R18,$O$6:$O$270,0)) -> Manhattan | U18: =INDEX($N$6:$N$270,MATCH(R18,$O$6:$O$270,0)) -> 279100 | V18: =U18/SUM($N$6:$N$270) -> 0.019557858
A19: Zones for 80% of trips | E19: =COUNTIF($P$6:$P$270,"<0.8")+1 -> 56 | K19: 14 | L19: =VLOOKUP(K19,ZoneTable,3,FALSE) -> Bay Ridge | M19: =VLOOKUP(K19,ZoneTable,2,FALSE) -> Brooklyn | N19: =SUMIFS(tblZoneMonthly[Trips],tblZoneMonthly[Location ID],K19) -> 35927 | O19: =_xlfn.RANK.EQ(N19,$N$6:$N$270,0)+COUNTIF($N$6:N18,N19) -> 85 | P19: =SUMIFS($N$6:$N$270,$O$6:$O$270,"<="&14)/SUM($N$6:$N$270) -> 0.32520765 | R19: 14 | S19: =INDEX($L$6:$L$270,MATCH(R19,$O$6:$O$270,0)) -> Midtown South | T19: =INDEX($M$6:$M$270,MATCH(R19,$O$6:$O$270,0)) -> Manhattan | U19: =INDEX($N$6:$N$270,MATCH(R19,$O$6:$O$270,0)) -> 267871 | V19: =U19/SUM($N$6:$N$270) -> 0.018770989
A20: Known zones without any pickup | E20: =COUNTIFS($N$6:$N$268,0) -> 3 | K20: 15 | L20: =VLOOKUP(K20,ZoneTable,3,FALSE) -> Bay Terrace/Fort Totten | M20: =VLOOKUP(K20,ZoneTable,2,FALSE) -> Queens | N20: =SUMIFS(tblZoneMonthly[Trips],tblZoneMonthly[Location ID],K20) -> 3229 | O20: =_xlfn.RANK.EQ(N20,$N$6:$N$270,0)+COUNTIF($N$6:N19,N20) -> 199 | P20: =SUMIFS($N$6:$N$270,$O$6:$O$270,"<="&15)/SUM($N$6:$N$270) -> 0.34395124 | R20: 15 | S20: =INDEX($L$6:$L$270,MATCH(R20,$O$6:$O$270,0)) -> Meatpacking/West Village West | T20: =INDEX($M$6:$M$270,MATCH(R20,$O$6:$O$270,0)) -> Manhattan | U20: =INDEX($N$6:$N$270,MATCH(R20,$O$6:$O$270,0)) -> 267480 | V20: =U20/SUM($N$6:$N$270) -> 0.018743589
K21: 16 | L21: =VLOOKUP(K21,ZoneTable,3,FALSE) -> Bayside | M21: =VLOOKUP(K21,ZoneTable,2,FALSE) -> Queens | N21: =SUMIFS(tblZoneMonthly[Trips],tblZoneMonthly[Location ID],K21) -> 8880 | O21: =_xlfn.RANK.EQ(N21,$N$6:$N$270,0)+COUNTIF($N$6:N20,N21) -> 138 | P21: =SUMIFS($N$6:$N$270,$O$6:$O$270,"<="&16)/SUM($N$6:$N$270) -> 0.36259946
A22: Airports | K22: 17 | L22: =VLOOKUP(K22,ZoneTable,3,FALSE) -> Bedford | M22: =VLOOKUP(K22,ZoneTable,2,FALSE) -> Brooklyn | N22: =SUMIFS(tblZoneMonthly[Trips],tblZoneMonthly[Location ID],K22) -> 80312 | O22: =_xlfn.RANK.EQ(N22,$N$6:$N$270,0)+COUNTIF($N$6:N21,N22) -> 54 | P22: =SUMIFS($N$6:$N$270,$O$6:$O$270,"<="&17)/SUM($N$6:$N$270) -> 0.38061504
A23: Airport | B23: Location ID | C23: Trips | D23: Trips per day | K23: 18 | L23: =VLOOKUP(K23,ZoneTable,3,FALSE) -> Bedford Park | M23: =VLOOKUP(K23,ZoneTable,2,FALSE) -> Bronx | N23: =SUMIFS(tblZoneMonthly[Trips],tblZoneMonthly[Location ID],K23) -> 6579 | O23: =_xlfn.RANK.EQ(N23,$N$6:$N$270,0)+COUNTIF($N$6:N22,N23) -> 153 | P23: =SUMIFS($N$6:$N$270,$O$6:$O$270,"<="&18)/SUM($N$6:$N$270) -> 0.39849826
A24: JFK Airport | B24: 132 | C24: =SUMIFS(tblZoneMonthly[Trips],tblZoneMonthly[Location ID],B24) -> 289169 | D24: =C24/COUNTIFS(tblDaily[Period],"2015 Jan-Jun") -> 1597.6188 | K24: 19 | L24: =VLOOKUP(K24,ZoneTable,3,FALSE) -> Bellerose | M24: =VLOOKUP(K24,ZoneTable,2,FALSE) -> Queens | N24: =SUMIFS(tblZoneMonthly[Trips],tblZoneMonthly[Location ID],K24) -> 3026 | O24: =_xlfn.RANK.EQ(N24,$N$6:$N$270,0)+COUNTIF($N$6:N23,N24) -> 204 | P24: =SUMIFS($N$6:$N$270,$O$6:$O$270,"<="&19)/SUM($N$6:$N$270) -> 0.4162135
A25: LaGuardia Airport | B25: 138 | C25: =SUMIFS(tblZoneMonthly[Trips],tblZoneMonthly[Location ID],B25) -> 266119 | D25: =C25/COUNTIFS(tblDaily[Period],"2015 Jan-Jun") -> 1470.2707 | K25: 20 | L25: =VLOOKUP(K25,ZoneTable,3,FALSE) -> Belmont | M25: =VLOOKUP(K25,ZoneTable,2,FALSE) -> Bronx | N25: =SUMIFS(tblZoneMonthly[Trips],tblZoneMonthly[Location ID],K25) -> 9153 | O25: =_xlfn.RANK.EQ(N25,$N$6:$N$270,0)+COUNTIF($N$6:N24,N25) -> 135 | P25: =SUMIFS($N$6:$N$270,$O$6:$O$270,"<="&20)/SUM($N$6:$N$270) -> 0.43383722
A26: Newark Airport | B26: 1 | C26: =SUMIFS(tblZoneMonthly[Trips],tblZoneMonthly[Location ID],B26) -> 105 | D26: =C26/COUNTIFS(tblDaily[Period],"2015 Jan-Jun") -> 0.5801105 | K26: 21 | L26: =VLOOKUP(K26,ZoneTable,3,FALSE) -> Bensonhurst East | M26: =VLOOKUP(K26,ZoneTable,2,FALSE) -> Brooklyn | N26: =SUMIFS(tblZoneMonthly[Trips],tblZoneMonthly[Location ID],K26) -> 8409 | O26: =_xlfn.RANK.EQ(N26,$N$6:$N$270,0)+COUNTIF($N$6:N25,N26) -> 141 | P26: =SUMIFS($N$6:$N$270,$O$6:$O$270,"<="&21)/SUM($N$6:$N$270) -> 0.45110294
K27: 22 | L27: =VLOOKUP(K27,ZoneTable,3,FALSE) -> Bensonhurst West | M27: =VLOOKUP(K27,ZoneTable,2,FALSE) -> Brooklyn | N27: =SUMIFS(tblZoneMonthly[Trips],tblZoneMonthly[Location ID],K27) -> 10456 | O27: =_xlfn.RANK.EQ(N27,$N$6:$N$270,0)+COUNTIF($N$6:N26,N27) -> 128 | P27: =SUMIFS($N$6:$N$270,$O$6:$O$270,"<="&22)/SUM($N$6:$N$270) -> 0.46742131
A28: Airports' share of pickups by hour | K28: 23 | L28: =VLOOKUP(K28,ZoneTable,3,FALSE) -> Bloomfield/Emerson Hill | M28: =VLOOKUP(K28,ZoneTable,2,FALSE) -> Staten Island | N28: =SUMIFS(tblZoneMonthly[Trips],tblZoneMonthly[Location ID],K28) -> 925 | O28: =_xlfn.RANK.EQ(N28,$N$6:$N$270,0)+COUNTIF($N$6:N27,N28) -> 222 | P28: =SUMIFS($N$6:$N$270,$O$6:$O$270,"<="&23)/SUM($N$6:$N$270) -> 0.48349253
A29: Hour | B29: Airport share | K29: 24 | L29: =VLOOKUP(K29,ZoneTable,3,FALSE) -> Bloomingdale | M29: =VLOOKUP(K29,ZoneTable,2,FALSE) -> Manhattan | N29: =SUMIFS(tblZoneMonthly[Trips],tblZoneMonthly[Location ID],K29) -> 23717 | O29: =_xlfn.RANK.EQ(N29,$N$6:$N$270,0)+COUNTIF($N$6:N28,N29) -> 93 | P29: =SUMIFS($N$6:$N$270,$O$6:$O$270,"<="&24)/SUM($N$6:$N$270) -> 0.49926621
A30: 0 | B30: =SUMIFS(tblAreaHour[Trips],tblAreaHour[Hour],A30,tblAreaHour[Service Area],"Airports")/SUMIFS(tblAreaHour[Trips],tblAreaHour[Hour],A30) -> 0.047723431 | K30: 25 | L30: =VLOOKUP(K30,ZoneTable,3,FALSE) -> Boerum Hill | M30: =VLOOKUP(K30,ZoneTable,2,FALSE) -> Brooklyn | N30: =SUMIFS(tblZoneMonthly[Trips],tblZoneMonthly[Location ID],K30) -> 69154 | O30: =_xlfn.RANK.EQ(N30,$N$6:$N$270,0)+COUNTIF($N$6:N29,N30) -> 60 | P30: =SUMIFS($N$6:$N$270,$O$6:$O$270,"<="&25)/SUM($N$6:$N$270) -> 0.51453816
A31: 1 | B31: =SUMIFS(tblAreaHour[Trips],tblAreaHour[Hour],A31,tblAreaHour[Service Area],"Airports")/SUMIFS(tblAreaHour[Trips],tblAreaHour[Hour],A31) -> 0.028871258 | K31: 26 | L31: =VLOOKUP(K31,ZoneTable,3,FALSE) -> Borough Park | M31: =VLOOKUP(K31,ZoneTable,2,FALSE) -> Brooklyn | N31: =SUMIFS(tblZoneMonthly[Trips],tblZoneMonthly[Location ID],K31) -> 15760 | O31: =_xlfn.RANK.EQ(N31,$N$6:$N$270,0)+COUNTIF($N$6:N30,N31) -> 104 | P31: =SUMIFS($N$6:$N$270,$O$6:$O$270,"<="&26)/SUM($N$6:$N$270) -> 0.52900299
A32: 2 | B32: =SUMIFS(tblAreaHour[Trips],tblAreaHour[Hour],A32,tblAreaHour[Service Area],"Airports")/SUMIFS(tblAreaHour[Trips],tblAreaHour[Hour],A32) -> 0.011695951 | K32: 27 | L32: =VLOOKUP(K32,ZoneTable,3,FALSE) -> Breezy Point/Fort Tilden/Riis Beach | M32: =VLOOKUP(K32,ZoneTable,2,FALSE) -> Queens | N32: =SUMIFS(tblZoneMonthly[Trips],tblZoneMonthly[Location ID],K32) -> 114 | O32: =_xlfn.RANK.EQ(N32,$N$6:$N$270,0)+COUNTIF($N$6:N31,N32) -> 251 | P32: =SUMIFS($N$6:$N$270,$O$6:$O$270,"<="&27)/SUM($N$6:$N$270) -> 0.54289362
A33: 3 | B33: =SUMIFS(tblAreaHour[Trips],tblAreaHour[Hour],A33,tblAreaHour[Service Area],"Airports")/SUMIFS(tblAreaHour[Trips],tblAreaHour[Hour],A33) -> 0.0055430018 | K33: 28 | L33: =VLOOKUP(K33,ZoneTable,3,FALSE) -> Briarwood/Jamaica Hills | M33: =VLOOKUP(K33,ZoneTable,2,FALSE) -> Queens | N33: =SUMIFS(tblZoneMonthly[Trips],tblZoneMonthly[Location ID],K33) -> 11901 | O33: =_xlfn.RANK.EQ(N33,$N$6:$N$270,0)+COUNTIF($N$6:N32,N33) -> 121 | P33: =SUMIFS($N$6:$N$270,$O$6:$O$270,"<="&28)/SUM($N$6:$N$270) -> 0.55677206
A34: 4 | B34: =SUMIFS(tblAreaHour[Trips],tblAreaHour[Hour],A34,tblAreaHour[Service Area],"Airports")/SUMIFS(tblAreaHour[Trips],tblAreaHour[Hour],A34) -> 0.0051375998 | K34: 29 | L34: =VLOOKUP(K34,ZoneTable,3,FALSE) -> Brighton Beach | M34: =VLOOKUP(K34,ZoneTable,2,FALSE) -> Brooklyn | N34: =SUMIFS(tblZoneMonthly[Trips],tblZoneMonthly[Location ID],K34) -> 4434 | O34: =_xlfn.RANK.EQ(N34,$N$6:$N$270,0)+COUNTIF($N$6:N33,N34) -> 178 | P34: =SUMIFS($N$6:$N$270,$O$6:$O$270,"<="&29)/SUM($N$6:$N$270) -> 0.57048555
A35: 5 | B35: =SUMIFS(tblAreaHour[Trips],tblAreaHour[Hour],A35,tblAreaHour[Service Area],"Airports")/SUMIFS(tblAreaHour[Trips],tblAreaHour[Hour],A35) -> 0.041338756 | K35: 30 | L35: =VLOOKUP(K35,ZoneTable,3,FALSE) -> Broad Channel | M35: =VLOOKUP(K35,ZoneTable,2,FALSE) -> Queens | N35: =SUMIFS(tblZoneMonthly[Trips],tblZoneMonthly[Location ID],K35) -> 64 | O35: =_xlfn.RANK.EQ(N35,$N$6:$N$270,0)+COUNTIF($N$6:N34,N35) -> 253 | P35: =SUMIFS($N$6:$N$270,$O$6:$O$270,"<="&30)/SUM($N$6:$N$270) -> 0.5835013
A36: 6 | B36: =SUMIFS(tblAreaHour[Trips],tblAreaHour[Hour],A36,tblAreaHour[Service Area],"Airports")/SUMIFS(tblAreaHour[Trips],tblAreaHour[Hour],A36) -> 0.048711932 | K36: 31 | L36: =VLOOKUP(K36,ZoneTable,3,FALSE) -> Bronx Park | M36: =VLOOKUP(K36,ZoneTable,2,FALSE) -> Bronx | N36: =SUMIFS(tblZoneMonthly[Trips],tblZoneMonthly[Location ID],K36) -> 2299 | O36: =_xlfn.RANK.EQ(N36,$N$6:$N$270,0)+COUNTIF($N$6:N35,N36) -> 215 | P36: =SUMIFS($N$6:$N$270,$O$6:$O$270,"<="&31)/SUM($N$6:$N$270) -> 0.59553047
A37: 7 | B37: =SUMIFS(tblAreaHour[Trips],tblAreaHour[Hour],A37,tblAreaHour[Service Area],"Airports")/SUMIFS(tblAreaHour[Trips],tblAreaHour[Hour],A37) -> 0.032767962 | K37: 32 | L37: =VLOOKUP(K37,ZoneTable,3,FALSE) -> Bronxdale | M37: =VLOOKUP(K37,ZoneTable,2,FALSE) -> Bronx | N37: =SUMIFS(tblZoneMonthly[Trips],tblZoneMonthly[Location ID],K37) -> 4031 | O37: =_xlfn.RANK.EQ(N37,$N$6:$N$270,0)+COUNTIF($N$6:N36,N37) -> 184 | P37: =SUMIFS($N$6:$N$270,$O$6:$O$270,"<="&32)/SUM($N$6:$N$270) -> 0.60674502
A38: 8 | B38: =SUMIFS(tblAreaHour[Trips],tblAreaHour[Hour],A38,tblAreaHour[Service Area],"Airports")/SUMIFS(tblAreaHour[Trips],tblAreaHour[Hour],A38) -> 0.026303339 | K38: 33 | L38: =VLOOKUP(K38,ZoneTable,3,FALSE) -> Brooklyn Heights | M38: =VLOOKUP(K38,ZoneTable,2,FALSE) -> Brooklyn | N38: =SUMIFS(tblZoneMonthly[Trips],tblZoneMonthly[Location ID],K38) -> 77788 | O38: =_xlfn.RANK.EQ(N38,$N$6:$N$270,0)+COUNTIF($N$6:N37,N38) -> 55 | P38: =SUMIFS($N$6:$N$270,$O$6:$O$270,"<="&33)/SUM($N$6:$N$270) -> 0.61776364
A39: 9 | B39: =SUMIFS(tblAreaHour[Trips],tblAreaHour[Hour],A39,tblAreaHour[Service Area],"Airports")/SUMIFS(tblAreaHour[Trips],tblAreaHour[Hour],A39) -> 0.02693125 | K39: 34 | L39: =VLOOKUP(K39,ZoneTable,3,FALSE) -> Brooklyn Navy Yard | M39: =VLOOKUP(K39,ZoneTable,2,FALSE) -> Brooklyn | N39: =SUMIFS(tblZoneMonthly[Trips],tblZoneMonthly[Location ID],K39) -> 10294 | O39: =_xlfn.RANK.EQ(N39,$N$6:$N$270,0)+COUNTIF($N$6:N38,N39) -> 130 | P39: =SUMIFS($N$6:$N$270,$O$6:$O$270,"<="&34)/SUM($N$6:$N$270) -> 0.6286248
A40: 10 | B40: =SUMIFS(tblAreaHour[Trips],tblAreaHour[Hour],A40,tblAreaHour[Service Area],"Airports")/SUMIFS(tblAreaHour[Trips],tblAreaHour[Hour],A40) -> 0.036785799 | K40: 35 | L40: =VLOOKUP(K40,ZoneTable,3,FALSE) -> Brownsville | M40: =VLOOKUP(K40,ZoneTable,2,FALSE) -> Brooklyn | N40: =SUMIFS(tblZoneMonthly[Trips],tblZoneMonthly[Location ID],K40) -> 9889 | O40: =_xlfn.RANK.EQ(N40,$N$6:$N$270,0)+COUNTIF($N$6:N39,N40) -> 132 | P40: =SUMIFS($N$6:$N$270,$O$6:$O$270,"<="&35)/SUM($N$6:$N$270) -> 0.63908191
A41: 11 | B41: =SUMIFS(tblAreaHour[Trips],tblAreaHour[Hour],A41,tblAreaHour[Service Area],"Airports")/SUMIFS(tblAreaHour[Trips],tblAreaHour[Hour],A41) -> 0.034295435 | K41: 36 | L41: =VLOOKUP(K41,ZoneTable,3,FALSE) -> Bushwick North | M41: =VLOOKUP(K41,ZoneTable,2,FALSE) -> Brooklyn | N41: =SUMIFS(tblZoneMonthly[Trips],tblZoneMonthly[Location ID],K41) -> 77482 | O41: =_xlfn.RANK.EQ(N41,$N$6:$N$270,0)+COUNTIF($N$6:N40,N41) -> 56 | P41: =SUMIFS($N$6:$N$270,$O$6:$O$270,"<="&36)/SUM($N$6:$N$270) -> 0.6491342
A42: 12 | B42: =SUMIFS(tblAreaHour[Trips],tblAreaHour[Hour],A42,tblAreaHour[Service Area],"Airports")/SUMIFS(tblAreaHour[Trips],tblAreaHour[Hour],A42) -> 0.033083124 | K42: 37 | L42: =VLOOKUP(K42,ZoneTable,3,FALSE) -> Bushwick South | M42: =VLOOKUP(K42,ZoneTable,2,FALSE) -> Brooklyn | N42: =SUMIFS(tblZoneMonthly[Trips],tblZoneMonthly[Location ID],K42) -> 106234 | O42: =_xlfn.RANK.EQ(N42,$N$6:$N$270,0)+COUNTIF($N$6:N41,N42) -> 48 | P42: =SUMIFS($N$6:$N$270,$O$6:$O$270,"<="&37)/SUM($N$6:$N$270) -> 0.65903976
A43: 13 | B43: =SUMIFS(tblAreaHour[Trips],tblAreaHour[Hour],A43,tblAreaHour[Service Area],"Airports")/SUMIFS(tblAreaHour[Trips],tblAreaHour[Hour],A43) -> 0.036346296 | K43: 38 | L43: =VLOOKUP(K43,ZoneTable,3,FALSE) -> Cambria Heights | M43: =VLOOKUP(K43,ZoneTable,2,FALSE) -> Queens | N43: =SUMIFS(tblZoneMonthly[Trips],tblZoneMonthly[Location ID],K43) -> 2209 | O43: =_xlfn.RANK.EQ(N43,$N$6:$N$270,0)+COUNTIF($N$6:N42,N43) -> 217 | P43: =SUMIFS($N$6:$N$270,$O$6:$O$270,"<="&38)/SUM($N$6:$N$270) -> 0.66884973
A44: 14 | B44: =SUMIFS(tblAreaHour[Trips],tblAreaHour[Hour],A44,tblAreaHour[Service Area],"Airports")/SUMIFS(tblAreaHour[Trips],tblAreaHour[Hour],A44) -> 0.044163617 | K44: 39 | L44: =VLOOKUP(K44,ZoneTable,3,FALSE) -> Canarsie | M44: =VLOOKUP(K44,ZoneTable,2,FALSE) -> Brooklyn | N44: =SUMIFS(tblZoneMonthly[Trips],tblZoneMonthly[Location ID],K44) -> 15382 | O44: =_xlfn.RANK.EQ(N44,$N$6:$N$270,0)+COUNTIF($N$6:N43,N44) -> 107 | P44: =SUMIFS($N$6:$N$270,$O$6:$O$270,"<="&39)/SUM($N$6:$N$270) -> 0.67848634
A45: 15 | B45: =SUMIFS(tblAreaHour[Trips],tblAreaHour[Hour],A45,tblAreaHour[Service Area],"Airports")/SUMIFS(tblAreaHour[Trips],tblAreaHour[Hour],A45) -> 0.05678658 | K45: 40 | L45: =VLOOKUP(K45,ZoneTable,3,FALSE) -> Carroll Gardens | M45: =VLOOKUP(K45,ZoneTable,2,FALSE) -> Brooklyn | N45: =SUMIFS(tblZoneMonthly[Trips],tblZoneMonthly[Location ID],K45) -> 42831 | O45: =_xlfn.RANK.EQ(N45,$N$6:$N$270,0)+COUNTIF($N$6:N44,N45) -> 80 | P45: =SUMIFS($N$6:$N$270,$O$6:$O$270,"<="&40)/SUM($N$6:$N$270) -> 0.6878643
A46: 16 | B46: =SUMIFS(tblAreaHour[Trips],tblAreaHour[Hour],A46,tblAreaHour[Service Area],"Airports")/SUMIFS(tblAreaHour[Trips],tblAreaHour[Hour],A46) -> 0.046298683 | K46: 41 | L46: =VLOOKUP(K46,ZoneTable,3,FALSE) -> Central Harlem | M46: =VLOOKUP(K46,ZoneTable,2,FALSE) -> Manhattan | N46: =SUMIFS(tblZoneMonthly[Trips],tblZoneMonthly[Location ID],K46) -> 64767 | O46: =_xlfn.RANK.EQ(N46,$N$6:$N$270,0)+COUNTIF($N$6:N45,N46) -> 62 | P46: =SUMIFS($N$6:$N$270,$O$6:$O$270,"<="&41)/SUM($N$6:$N$270) -> 0.69722838
A47: 17 | B47: =SUMIFS(tblAreaHour[Trips],tblAreaHour[Hour],A47,tblAreaHour[Service Area],"Airports")/SUMIFS(tblAreaHour[Trips],tblAreaHour[Hour],A47) -> 0.040208799 | K47: 42 | L47: =VLOOKUP(K47,ZoneTable,3,FALSE) -> Central Harlem North | M47: =VLOOKUP(K47,ZoneTable,2,FALSE) -> Manhattan | N47: =SUMIFS(tblZoneMonthly[Trips],tblZoneMonthly[Location ID],K47) -> 63011 | O47: =_xlfn.RANK.EQ(N47,$N$6:$N$270,0)+COUNTIF($N$6:N46,N47) -> 63 | P47: =SUMIFS($N$6:$N$270,$O$6:$O$270,"<="&42)/SUM($N$6:$N$270) -> 0.70612122
A48: 18 | B48: =SUMIFS(tblAreaHour[Trips],tblAreaHour[Hour],A48,tblAreaHour[Service Area],"Airports")/SUMIFS(tblAreaHour[Trips],tblAreaHour[Hour],A48) -> 0.03467657 | K48: 43 | L48: =VLOOKUP(K48,ZoneTable,3,FALSE) -> Central Park | M48: =VLOOKUP(K48,ZoneTable,2,FALSE) -> Manhattan | N48: =SUMIFS(tblZoneMonthly[Trips],tblZoneMonthly[Location ID],K48) -> 45720 | O48: =_xlfn.RANK.EQ(N48,$N$6:$N$270,0)+COUNTIF($N$6:N47,N48) -> 78 | P48: =SUMIFS($N$6:$N$270,$O$6:$O$270,"<="&43)/SUM($N$6:$N$270) -> 0.71491342
A49: 19 | B49: =SUMIFS(tblAreaHour[Trips],tblAreaHour[Hour],A49,tblAreaHour[Service Area],"Airports")/SUMIFS(tblAreaHour[Trips],tblAreaHour[Hour],A49) -> 0.037390914 | K49: 44 | L49: =VLOOKUP(K49,ZoneTable,3,FALSE) -> Charleston/Tottenville | M49: =VLOOKUP(K49,ZoneTable,2,FALSE) -> Staten Island | N49: =SUMIFS(tblZoneMonthly[Trips],tblZoneMonthly[Location ID],K49) -> 37 | O49: =_xlfn.RANK.EQ(N49,$N$6:$N$270,0)+COUNTIF($N$6:N48,N49) -> 255 | P49: =SUMIFS($N$6:$N$270,$O$6:$O$270,"<="&44)/SUM($N$6:$N$270) -> 0.72357025
A50: 20 | B50: =SUMIFS(tblAreaHour[Trips],tblAreaHour[Hour],A50,tblAreaHour[Service Area],"Airports")/SUMIFS(tblAreaHour[Trips],tblAreaHour[Hour],A50) -> 0.041312539 | K50: 45 | L50: =VLOOKUP(K50,ZoneTable,3,FALSE) -> Chinatown | M50: =VLOOKUP(K50,ZoneTable,2,FALSE) -> Manhattan | N50: =SUMIFS(tblZoneMonthly[Trips],tblZoneMonthly[Location ID],K50) -> 43624 | O50: =_xlfn.RANK.EQ(N50,$N$6:$N$270,0)+COUNTIF($N$6:N49,N50) -> 79 | P50: =SUMIFS($N$6:$N$270,$O$6:$O$270,"<="&45)/SUM($N$6:$N$270) -> 0.73188391
A51: 21 | B51: =SUMIFS(tblAreaHour[Trips],tblAreaHour[Hour],A51,tblAreaHour[Service Area],"Airports")/SUMIFS(tblAreaHour[Trips],tblAreaHour[Hour],A51) -> 0.045345216 | K51: 46 | L51: =VLOOKUP(K51,ZoneTable,3,FALSE) -> City Island | M51: =VLOOKUP(K51,ZoneTable,2,FALSE) -> Bronx | N51: =SUMIFS(tblZoneMonthly[Trips],tblZoneMonthly[Location ID],K51) -> 321 | O51: =_xlfn.RANK.EQ(N51,$N$6:$N$270,0)+COUNTIF($N$6:N50,N51) -> 244 | P51: =SUMIFS($N$6:$N$270,$O$6:$O$270,"<="&46)/SUM($N$6:$N$270) -> 0.73984931
A52: 22 | B52: =SUMIFS(tblAreaHour[Trips],tblAreaHour[Hour],A52,tblAreaHour[Service Area],"Airports")/SUMIFS(tblAreaHour[Trips],tblAreaHour[Hour],A52) -> 0.0466838 | K52: 47 | L52: =VLOOKUP(K52,ZoneTable,3,FALSE) -> Claremont/Bathgate | M52: =VLOOKUP(K52,ZoneTable,2,FALSE) -> Bronx | N52: =SUMIFS(tblZoneMonthly[Trips],tblZoneMonthly[Location ID],K52) -> 4294 | O52: =_xlfn.RANK.EQ(N52,$N$6:$N$270,0)+COUNTIF($N$6:N51,N52) -> 180 | P52: =SUMIFS($N$6:$N$270,$O$6:$O$270,"<="&47)/SUM($N$6:$N$270) -> 0.74744106
A53: 23 | B53: =SUMIFS(tblAreaHour[Trips],tblAreaHour[Hour],A53,tblAreaHour[Service Area],"Airports")/SUMIFS(tblAreaHour[Trips],tblAreaHour[Hour],A53) -> 0.049621436 | K53: 48 | L53: =VLOOKUP(K53,ZoneTable,3,FALSE) -> Clinton East | M53: =VLOOKUP(K53,ZoneTable,2,FALSE) -> Manhattan | N53: =SUMIFS(tblZoneMonthly[Trips],tblZoneMonthly[Location ID],K53) -> 257091 | O53: =_xlfn.RANK.EQ(N53,$N$6:$N$270,0)+COUNTIF($N$6:N52,N53) -> 17 | P53: =SUMIFS($N$6:$N$270,$O$6:$O$270,"<="&48)/SUM($N$6:$N$270) -> 0.75488538
K54: 49 | L54: =VLOOKUP(K54,ZoneTable,3,FALSE) -> Clinton Hill | M54: =VLOOKUP(K54,ZoneTable,2,FALSE) -> Brooklyn | N54: =SUMIFS(tblZoneMonthly[Trips],tblZoneMonthly[Location ID],K54) -> 89762 | O54: =_xlfn.RANK.EQ(N54,$N$6:$N$270,0)+COUNTIF($N$6:N53,N54) -> 51 | P54: =SUMIFS($N$6:$N$270,$O$6:$O$270,"<="&49)/SUM($N$6:$N$270) -> 0.76228464
K55: 50 | L55: =VLOOKUP(K55,ZoneTable,3,FALSE) -> Clinton West | M55: =VLOOKUP(K55,ZoneTable,2,FALSE) -> Manhattan | N55: =SUMIFS(tblZoneMonthly[Trips],tblZoneMonthly[Location ID],K55) -> 149228 | O55: =_xlfn.RANK.EQ(N55,$N$6:$N$270,0)+COUNTIF($N$6:N54,N55) -> 35 | P55: =SUMIFS($N$6:$N$270,$O$6:$O$270,"<="&50)/SUM($N$6:$N$270) -> 0.76865233
K56: 51 | L56: =VLOOKUP(K56,ZoneTable,3,FALSE) -> Co-Op City | M56: =VLOOKUP(K56,ZoneTable,2,FALSE) -> Bronx | N56: =SUMIFS(tblZoneMonthly[Trips],tblZoneMonthly[Location ID],K56) -> 4078 | O56: =_xlfn.RANK.EQ(N56,$N$6:$N$270,0)+COUNTIF($N$6:N55,N56) -> 183 | P56: =SUMIFS($N$6:$N$270,$O$6:$O$270,"<="&51)/SUM($N$6:$N$270) -> 0.77494238
K57: 52 | L57: =VLOOKUP(K57,ZoneTable,3,FALSE) -> Cobble Hill | M57: =VLOOKUP(K57,ZoneTable,2,FALSE) -> Brooklyn | N57: =SUMIFS(tblZoneMonthly[Trips],tblZoneMonthly[Location ID],K57) -> 25702 | O57: =_xlfn.RANK.EQ(N57,$N$6:$N$270,0)+COUNTIF($N$6:N56,N57) -> 90 | P57: =SUMIFS($N$6:$N$270,$O$6:$O$270,"<="&52)/SUM($N$6:$N$270) -> 0.78120139
K58: 53 | L58: =VLOOKUP(K58,ZoneTable,3,FALSE) -> College Point | M58: =VLOOKUP(K58,ZoneTable,2,FALSE) -> Queens | N58: =SUMIFS(tblZoneMonthly[Trips],tblZoneMonthly[Location ID],K58) -> 3598 | O58: =_xlfn.RANK.EQ(N58,$N$6:$N$270,0)+COUNTIF($N$6:N57,N58) -> 194 | P58: =SUMIFS($N$6:$N$270,$O$6:$O$270,"<="&53)/SUM($N$6:$N$270) -> 0.78684381
K59: 54 | L59: =VLOOKUP(K59,ZoneTable,3,FALSE) -> Columbia Street | M59: =VLOOKUP(K59,ZoneTable,2,FALSE) -> Brooklyn | N59: =SUMIFS(tblZoneMonthly[Trips],tblZoneMonthly[Location ID],K59) -> 12364 | O59: =_xlfn.RANK.EQ(N59,$N$6:$N$270,0)+COUNTIF($N$6:N58,N59) -> 118 | P59: =SUMIFS($N$6:$N$270,$O$6:$O$270,"<="&54)/SUM($N$6:$N$270) -> 0.79247165
K60: 55 | L60: =VLOOKUP(K60,ZoneTable,3,FALSE) -> Coney Island | M60: =VLOOKUP(K60,ZoneTable,2,FALSE) -> Brooklyn | N60: =SUMIFS(tblZoneMonthly[Trips],tblZoneMonthly[Location ID],K60) -> 5164 | O60: =_xlfn.RANK.EQ(N60,$N$6:$N$270,0)+COUNTIF($N$6:N59,N60) -> 172 | P60: =SUMIFS($N$6:$N$270,$O$6:$O$270,"<="&55)/SUM($N$6:$N$270) -> 0.79792262
K61: 56 | L61: =VLOOKUP(K61,ZoneTable,3,FALSE) -> Corona | M61: =VLOOKUP(K61,ZoneTable,2,FALSE) -> Queens | N61: =SUMIFS(tblZoneMonthly[Trips],tblZoneMonthly[Location ID],K61) -> 8367 | O61: =_xlfn.RANK.EQ(N61,$N$6:$N$270,0)+COUNTIF($N$6:N60,N61) -> 142 | P61: =SUMIFS($N$6:$N$270,$O$6:$O$270,"<="&56)/SUM($N$6:$N$270) -> 0.80335215
K62: 57 | L62: =VLOOKUP(K62,ZoneTable,3,FALSE) -> Corona | M62: =VLOOKUP(K62,ZoneTable,2,FALSE) -> Queens | N62: =SUMIFS(tblZoneMonthly[Trips],tblZoneMonthly[Location ID],K62) -> 675 | O62: =_xlfn.RANK.EQ(N62,$N$6:$N$270,0)+COUNTIF($N$6:N61,N62) -> 229 | P62: =SUMIFS($N$6:$N$270,$O$6:$O$270,"<="&57)/SUM($N$6:$N$270) -> 0.80858316
K63: 58 | L63: =VLOOKUP(K63,ZoneTable,3,FALSE) -> Country Club | M63: =VLOOKUP(K63,ZoneTable,2,FALSE) -> Bronx | N63: =SUMIFS(tblZoneMonthly[Trips],tblZoneMonthly[Location ID],K63) -> 684 | O63: =_xlfn.RANK.EQ(N63,$N$6:$N$270,0)+COUNTIF($N$6:N62,N63) -> 227 | P63: =SUMIFS($N$6:$N$270,$O$6:$O$270,"<="&58)/SUM($N$6:$N$270) -> 0.81378789
K64: 59 | L64: =VLOOKUP(K64,ZoneTable,3,FALSE) -> Crotona Park | M64: =VLOOKUP(K64,ZoneTable,2,FALSE) -> Bronx | N64: =SUMIFS(tblZoneMonthly[Trips],tblZoneMonthly[Location ID],K64) -> 156 | O64: =_xlfn.RANK.EQ(N64,$N$6:$N$270,0)+COUNTIF($N$6:N63,N64) -> 249 | P64: =SUMIFS($N$6:$N$270,$O$6:$O$270,"<="&59)/SUM($N$6:$N$270) -> 0.81891168
K65: 60 | L65: =VLOOKUP(K65,ZoneTable,3,FALSE) -> Crotona Park East | M65: =VLOOKUP(K65,ZoneTable,2,FALSE) -> Bronx | N65: =SUMIFS(tblZoneMonthly[Trips],tblZoneMonthly[Location ID],K65) -> 2619 | O65: =_xlfn.RANK.EQ(N65,$N$6:$N$270,0)+COUNTIF($N$6:N64,N65) -> 210 | P65: =SUMIFS($N$6:$N$270,$O$6:$O$270,"<="&60)/SUM($N$6:$N$270) -> 0.82375763
K66: 61 | L66: =VLOOKUP(K66,ZoneTable,3,FALSE) -> Crown Heights North | M66: =VLOOKUP(K66,ZoneTable,2,FALSE) -> Brooklyn | N66: =SUMIFS(tblZoneMonthly[Trips],tblZoneMonthly[Location ID],K66) -> 105591 | O66: =_xlfn.RANK.EQ(N66,$N$6:$N$270,0)+COUNTIF($N$6:N65,N66) -> 49 | P66: =SUMIFS($N$6:$N$270,$O$6:$O$270,"<="&61)/SUM($N$6:$N$270) -> 0.82851599
K67: 62 | L67: =VLOOKUP(K67,ZoneTable,3,FALSE) -> Crown Heights South | M67: =VLOOKUP(K67,ZoneTable,2,FALSE) -> Brooklyn | N67: =SUMIFS(tblZoneMonthly[Trips],tblZoneMonthly[Location ID],K67) -> 24690 | O67: =_xlfn.RANK.EQ(N67,$N$6:$N$270,0)+COUNTIF($N$6:N66,N67) -> 92 | P67: =SUMIFS($N$6:$N$270,$O$6:$O$270,"<="&62)/SUM($N$6:$N$270) -> 0.83305452
K68: 63 | L68: =VLOOKUP(K68,ZoneTable,3,FALSE) -> Cypress Hills | M68: =VLOOKUP(K68,ZoneTable,2,FALSE) -> Brooklyn | N68: =SUMIFS(tblZoneMonthly[Trips],tblZoneMonthly[Location ID],K68) -> 5801 | O68: =_xlfn.RANK.EQ(N68,$N$6:$N$270,0)+COUNTIF($N$6:N67,N68) -> 160 | P68: =SUMIFS($N$6:$N$270,$O$6:$O$270,"<="&63)/SUM($N$6:$N$270) -> 0.83747
K69: 64 | L69: =VLOOKUP(K69,ZoneTable,3,FALSE) -> Douglaston | M69: =VLOOKUP(K69,ZoneTable,2,FALSE) -> Queens | N69: =SUMIFS(tblZoneMonthly[Trips],tblZoneMonthly[Location ID],K69) -> 2786 | O69: =_xlfn.RANK.EQ(N69,$N$6:$N$270,0)+COUNTIF($N$6:N68,N69) -> 209 | P69: =SUMIFS($N$6:$N$270,$O$6:$O$270,"<="&64)/SUM($N$6:$N$270) -> 0.84161394
K70: 65 | L70: =VLOOKUP(K70,ZoneTable,3,FALSE) -> Downtown Brooklyn/MetroTech | M70: =VLOOKUP(K70,ZoneTable,2,FALSE) -> Brooklyn | N70: =SUMIFS(tblZoneMonthly[Trips],tblZoneMonthly[Location ID],K70) -> 54613 | O70: =_xlfn.RANK.EQ(N70,$N$6:$N$270,0)+COUNTIF($N$6:N69,N70) -> 70 | P70: =SUMIFS($N$6:$N$270,$O$6:$O$270,"<="&65)/SUM($N$6:$N$270) -> 0.84572943
K71: 66 | L71: =VLOOKUP(K71,ZoneTable,3,FALSE) -> DUMBO/Vinegar Hill | M71: =VLOOKUP(K71,ZoneTable,2,FALSE) -> Brooklyn | N71: =SUMIFS(tblZoneMonthly[Trips],tblZoneMonthly[Location ID],K71) -> 52649 | O71: =_xlfn.RANK.EQ(N71,$N$6:$N$270,0)+COUNTIF($N$6:N70,N71) -> 71 | P71: =SUMIFS($N$6:$N$270,$O$6:$O$270,"<="&66)/SUM($N$6:$N$270) -> 0.84977995
K72: 67 | L72: =VLOOKUP(K72,ZoneTable,3,FALSE) -> Dyker Heights | M72: =VLOOKUP(K72,ZoneTable,2,FALSE) -> Brooklyn | N72: =SUMIFS(tblZoneMonthly[Trips],tblZoneMonthly[Location ID],K72) -> 9325 | O72: =_xlfn.RANK.EQ(N72,$N$6:$N$270,0)+COUNTIF($N$6:N71,N72) -> 134 | P72: =SUMIFS($N$6:$N$270,$O$6:$O$270,"<="&67)/SUM($N$6:$N$270) -> 0.85373743
K73: 68 | L73: =VLOOKUP(K73,ZoneTable,3,FALSE) -> East Chelsea | M73: =VLOOKUP(K73,ZoneTable,2,FALSE) -> Manhattan | N73: =SUMIFS(tblZoneMonthly[Trips],tblZoneMonthly[Location ID],K73) -> 299781 | O73: =_xlfn.RANK.EQ(N73,$N$6:$N$270,0)+COUNTIF($N$6:N72,N73) -> 7 | P73: =SUMIFS($N$6:$N$270,$O$6:$O$270,"<="&68)/SUM($N$6:$N$270) -> 0.85758649
K74: 69 | L74: =VLOOKUP(K74,ZoneTable,3,FALSE) -> East Concourse/Concourse Village | M74: =VLOOKUP(K74,ZoneTable,2,FALSE) -> Bronx | N74: =SUMIFS(tblZoneMonthly[Trips],tblZoneMonthly[Location ID],K74) -> 8228 | O74: =_xlfn.RANK.EQ(N74,$N$6:$N$270,0)+COUNTIF($N$6:N73,N74) -> 144 | P74: =SUMIFS($N$6:$N$270,$O$6:$O$270,"<="&69)/SUM($N$6:$N$270) -> 0.86142869
K75: 70 | L75: =VLOOKUP(K75,ZoneTable,3,FALSE) -> East Elmhurst | M75: =VLOOKUP(K75,ZoneTable,2,FALSE) -> Queens | N75: =SUMIFS(tblZoneMonthly[Trips],tblZoneMonthly[Location ID],K75) -> 12137 | O75: =_xlfn.RANK.EQ(N75,$N$6:$N$270,0)+COUNTIF($N$6:N74,N75) -> 120 | P75: =SUMIFS($N$6:$N$270,$O$6:$O$270,"<="&70)/SUM($N$6:$N$270) -> 0.86525568
K76: 71 | L76: =VLOOKUP(K76,ZoneTable,3,FALSE) -> East Flatbush/Farragut | M76: =VLOOKUP(K76,ZoneTable,2,FALSE) -> Brooklyn | N76: =SUMIFS(tblZoneMonthly[Trips],tblZoneMonthly[Location ID],K76) -> 12375 | O76: =_xlfn.RANK.EQ(N76,$N$6:$N$270,0)+COUNTIF($N$6:N75,N76) -> 116 | P76: =SUMIFS($N$6:$N$270,$O$6:$O$270,"<="&71)/SUM($N$6:$N$270) -> 0.86894504
K77: 72 | L77: =VLOOKUP(K77,ZoneTable,3,FALSE) -> East Flatbush/Remsen Village | M77: =VLOOKUP(K77,ZoneTable,2,FALSE) -> Brooklyn | N77: =SUMIFS(tblZoneMonthly[Trips],tblZoneMonthly[Location ID],K77) -> 13905 | O77: =_xlfn.RANK.EQ(N77,$N$6:$N$270,0)+COUNTIF($N$6:N76,N77) -> 112 | P77: =SUMIFS($N$6:$N$270,$O$6:$O$270,"<="&72)/SUM($N$6:$N$270) -> 0.87255698
K78: 73 | L78: =VLOOKUP(K78,ZoneTable,3,FALSE) -> East Flushing | M78: =VLOOKUP(K78,ZoneTable,2,FALSE) -> Queens | N78: =SUMIFS(tblZoneMonthly[Trips],tblZoneMonthly[Location ID],K78) -> 3668 | O78: =_xlfn.RANK.EQ(N78,$N$6:$N$270,0)+COUNTIF($N$6:N77,N78) -> 192 | P78: =SUMIFS($N$6:$N$270,$O$6:$O$270,"<="&73)/SUM($N$6:$N$270) -> 0.87608601
K79: 74 | L79: =VLOOKUP(K79,ZoneTable,3,FALSE) -> East Harlem North | M79: =VLOOKUP(K79,ZoneTable,2,FALSE) -> Manhattan | N79: =SUMIFS(tblZoneMonthly[Trips],tblZoneMonthly[Location ID],K79) -> 50284 | O79: =_xlfn.RANK.EQ(N79,$N$6:$N$270,0)+COUNTIF($N$6:N78,N79) -> 74 | P79: =SUMIFS($N$6:$N$270,$O$6:$O$270,"<="&74)/SUM($N$6:$N$270) -> 0.87960965
K80: 75 | L80: =VLOOKUP(K80,ZoneTable,3,FALSE) -> East Harlem South | M80: =VLOOKUP(K80,ZoneTable,2,FALSE) -> Manhattan | N80: =SUMIFS(tblZoneMonthly[Trips],tblZoneMonthly[Location ID],K80) -> 51544 | O80: =_xlfn.RANK.EQ(N80,$N$6:$N$270,0)+COUNTIF($N$6:N79,N80) -> 72 | P80: =SUMIFS($N$6:$N$270,$O$6:$O$270,"<="&75)/SUM($N$6:$N$270) -> 0.88306454
K81: 76 | L81: =VLOOKUP(K81,ZoneTable,3,FALSE) -> East New York | M81: =VLOOKUP(K81,ZoneTable,2,FALSE) -> Brooklyn | N81: =SUMIFS(tblZoneMonthly[Trips],tblZoneMonthly[Location ID],K81) -> 15727 | O81: =_xlfn.RANK.EQ(N81,$N$6:$N$270,0)+COUNTIF($N$6:N80,N81) -> 105 | P81: =SUMIFS($N$6:$N$270,$O$6:$O$270,"<="&76)/SUM($N$6:$N$270) -> 0.88633073
K82: 77 | L82: =VLOOKUP(K82,ZoneTable,3,FALSE) -> East New York/Pennsylvania Avenue | M82: =VLOOKUP(K82,ZoneTable,2,FALSE) -> Brooklyn | N82: =SUMIFS(tblZoneMonthly[Trips],tblZoneMonthly[Location ID],K82) -> 4748 | O82: =_xlfn.RANK.EQ(N82,$N$6:$N$270,0)+COUNTIF($N$6:N81,N82) -> 175 | P82: =SUMIFS($N$6:$N$270,$O$6:$O$270,"<="&77)/SUM($N$6:$N$270) -> 0.88958535
K83: 78 | L83: =VLOOKUP(K83,ZoneTable,3,FALSE) -> East Tremont | M83: =VLOOKUP(K83,ZoneTable,2,FALSE) -> Bronx | N83: =SUMIFS(tblZoneMonthly[Trips],tblZoneMonthly[Location ID],K83) -> 5291 | O83: =_xlfn.RANK.EQ(N83,$N$6:$N$270,0)+COUNTIF($N$6:N82,N83) -> 167 | P83: =SUMIFS($N$6:$N$270,$O$6:$O$270,"<="&78)/SUM($N$6:$N$270) -> 0.89278916
K84: 79 | L84: =VLOOKUP(K84,ZoneTable,3,FALSE) -> East Village | M84: =VLOOKUP(K84,ZoneTable,2,FALSE) -> Manhattan | N84: =SUMIFS(tblZoneMonthly[Trips],tblZoneMonthly[Location ID],K84) -> 407591 | O84: =_xlfn.RANK.EQ(N84,$N$6:$N$270,0)+COUNTIF($N$6:N83,N84) -> 4 | P84: =SUMIFS($N$6:$N$270,$O$6:$O$270,"<="&79)/SUM($N$6:$N$270) -> 0.8958461
K85: 80 | L85: =VLOOKUP(K85,ZoneTable,3,FALSE) -> East Williamsburg | M85: =VLOOKUP(K85,ZoneTable,2,FALSE) -> Brooklyn | N85: =SUMIFS(tblZoneMonthly[Trips],tblZoneMonthly[Location ID],K85) -> 118640 | O85: =_xlfn.RANK.EQ(N85,$N$6:$N$270,0)+COUNTIF($N$6:N84,N85) -> 45 | P85: =SUMIFS($N$6:$N$270,$O$6:$O$270,"<="&80)/SUM($N$6:$N$270) -> 0.89884747
K86: 81 | L86: =VLOOKUP(K86,ZoneTable,3,FALSE) -> Eastchester | M86: =VLOOKUP(K86,ZoneTable,2,FALSE) -> Bronx | N86: =SUMIFS(tblZoneMonthly[Trips],tblZoneMonthly[Location ID],K86) -> 3071 | O86: =_xlfn.RANK.EQ(N86,$N$6:$N$270,0)+COUNTIF($N$6:N85,N86) -> 201 | P86: =SUMIFS($N$6:$N$270,$O$6:$O$270,"<="&81)/SUM($N$6:$N$270) -> 0.90174647
K87: 82 | L87: =VLOOKUP(K87,ZoneTable,3,FALSE) -> Elmhurst | M87: =VLOOKUP(K87,ZoneTable,2,FALSE) -> Queens | N87: =SUMIFS(tblZoneMonthly[Trips],tblZoneMonthly[Location ID],K87) -> 22671 | O87: =_xlfn.RANK.EQ(N87,$N$6:$N$270,0)+COUNTIF($N$6:N86,N87) -> 94 | P87: =SUMIFS($N$6:$N$270,$O$6:$O$270,"<="&82)/SUM($N$6:$N$270) -> 0.90451372
K88: 83 | L88: =VLOOKUP(K88,ZoneTable,3,FALSE) -> Elmhurst/Maspeth | M88: =VLOOKUP(K88,ZoneTable,2,FALSE) -> Queens | N88: =SUMIFS(tblZoneMonthly[Trips],tblZoneMonthly[Location ID],K88) -> 8841 | O88: =_xlfn.RANK.EQ(N88,$N$6:$N$270,0)+COUNTIF($N$6:N87,N88) -> 139 | P88: =SUMIFS($N$6:$N$270,$O$6:$O$270,"<="&83)/SUM($N$6:$N$270) -> 0.90718525
K89: 84 | L89: =VLOOKUP(K89,ZoneTable,3,FALSE) -> Eltingville/Annadale/Prince's Bay | M89: =VLOOKUP(K89,ZoneTable,2,FALSE) -> Staten Island | N89: =SUMIFS(tblZoneMonthly[Trips],tblZoneMonthly[Location ID],K89) -> 39 | O89: =_xlfn.RANK.EQ(N89,$N$6:$N$270,0)+COUNTIF($N$6:N88,N89) -> 254 | P89: =SUMIFS($N$6:$N$270,$O$6:$O$270,"<="&84)/SUM($N$6:$N$270) -> 0.90976042
K90: 85 | L90: =VLOOKUP(K90,ZoneTable,3,FALSE) -> Erasmus | M90: =VLOOKUP(K90,ZoneTable,2,FALSE) -> Brooklyn | N90: =SUMIFS(tblZoneMonthly[Trips],tblZoneMonthly[Location ID],K90) -> 10336 | O90: =_xlfn.RANK.EQ(N90,$N$6:$N$270,0)+COUNTIF($N$6:N89,N90) -> 129 | P90: =SUMIFS($N$6:$N$270,$O$6:$O$270,"<="&85)/SUM($N$6:$N$270) -> 0.912278
K91: 86 | L91: =VLOOKUP(K91,ZoneTable,3,FALSE) -> Far Rockaway | M91: =VLOOKUP(K91,ZoneTable,2,FALSE) -> Queens | N91: =SUMIFS(tblZoneMonthly[Trips],tblZoneMonthly[Location ID],K91) -> 548 | O91: =_xlfn.RANK.EQ(N91,$N$6:$N$270,0)+COUNTIF($N$6:N90,N91) -> 234 | P91: =SUMIFS($N$6:$N$270,$O$6:$O$270,"<="&86)/SUM($N$6:$N$270) -> 0.91479235
K92: 87 | L92: =VLOOKUP(K92,ZoneTable,3,FALSE) -> Financial District North | M92: =VLOOKUP(K92,ZoneTable,2,FALSE) -> Manhattan | N92: =SUMIFS(tblZoneMonthly[Trips],tblZoneMonthly[Location ID],K92) -> 154994 | O92: =_xlfn.RANK.EQ(N92,$N$6:$N$270,0)+COUNTIF($N$6:N91,N92) -> 34 | P92: =SUMIFS($N$6:$N$270,$O$6:$O$270,"<="&87)/SUM($N$6:$N$270) -> 0.91719521
K93: 88 | L93: =VLOOKUP(K93,ZoneTable,3,FALSE) -> Financial District South | M93: =VLOOKUP(K93,ZoneTable,2,FALSE) -> Manhattan | N93: =SUMIFS(tblZoneMonthly[Trips],tblZoneMonthly[Location ID],K93) -> 57803 | O93: =_xlfn.RANK.EQ(N93,$N$6:$N$270,0)+COUNTIF($N$6:N92,N93) -> 66 | P93: =SUMIFS($N$6:$N$270,$O$6:$O$270,"<="&88)/SUM($N$6:$N$270) -> 0.91953529
K94: 89 | L94: =VLOOKUP(K94,ZoneTable,3,FALSE) -> Flatbush/Ditmas Park | M94: =VLOOKUP(K94,ZoneTable,2,FALSE) -> Brooklyn | N94: =SUMIFS(tblZoneMonthly[Trips],tblZoneMonthly[Location ID],K94) -> 46445 | O94: =_xlfn.RANK.EQ(N94,$N$6:$N$270,0)+COUNTIF($N$6:N93,N94) -> 77 | P94: =SUMIFS($N$6:$N$270,$O$6:$O$270,"<="&89)/SUM($N$6:$N$270) -> 0.92144503
K95: 90 | L95: =VLOOKUP(K95,ZoneTable,3,FALSE) -> Flatiron | M95: =VLOOKUP(K95,ZoneTable,2,FALSE) -> Manhattan | N95: =SUMIFS(tblZoneMonthly[Trips],tblZoneMonthly[Location ID],K95) -> 225098 | O95: =_xlfn.RANK.EQ(N95,$N$6:$N$270,0)+COUNTIF($N$6:N94,N95) -> 24 | P95: =SUMIFS($N$6:$N$270,$O$6:$O$270,"<="&90)/SUM($N$6:$N$270) -> 0.92324609
K96: 91 | L96: =VLOOKUP(K96,ZoneTable,3,FALSE) -> Flatlands | M96: =VLOOKUP(K96,ZoneTable,2,FALSE) -> Brooklyn | N96: =SUMIFS(tblZoneMonthly[Trips],tblZoneMonthly[Location ID],K96) -> 15373 | O96: =_xlfn.RANK.EQ(N96,$N$6:$N$270,0)+COUNTIF($N$6:N95,N96) -> 108 | P96: =SUMIFS($N$6:$N$270,$O$6:$O$270,"<="&91)/SUM($N$6:$N$270) -> 0.92501184
K97: 92 | L97: =VLOOKUP(K97,ZoneTable,3,FALSE) -> Flushing | M97: =VLOOKUP(K97,ZoneTable,2,FALSE) -> Queens | N97: =SUMIFS(tblZoneMonthly[Trips],tblZoneMonthly[Location ID],K97) -> 18896 | O97: =_xlfn.RANK.EQ(N97,$N$6:$N$270,0)+COUNTIF($N$6:N96,N97) -> 99 | P97: =SUMIFS($N$6:$N$270,$O$6:$O$270,"<="&92)/SUM($N$6:$N$270) -> 0.92674198
K98: 93 | L98: =VLOOKUP(K98,ZoneTable,3,FALSE) -> Flushing Meadows-Corona Park | M98: =VLOOKUP(K98,ZoneTable,2,FALSE) -> Queens | N98: =SUMIFS(tblZoneMonthly[Trips],tblZoneMonthly[Location ID],K98) -> 5465 | O98: =_xlfn.RANK.EQ(N98,$N$6:$N$270,0)+COUNTIF($N$6:N97,N98) -> 164 | P98: =SUMIFS($N$6:$N$270,$O$6:$O$270,"<="&93)/SUM($N$6:$N$270) -> 0.92840394
K99: 94 | L99: =VLOOKUP(K99,ZoneTable,3,FALSE) -> Fordham South | M99: =VLOOKUP(K99,ZoneTable,2,FALSE) -> Bronx | N99: =SUMIFS(tblZoneMonthly[Trips],tblZoneMonthly[Location ID],K99) -> 2513 | O99: =_xlfn.RANK.EQ(N99,$N$6:$N$270,0)+COUNTIF($N$6:N98,N99) -> 212 | P99: =SUMIFS($N$6:$N$270,$O$6:$O$270,"<="&94)/SUM($N$6:$N$270) -> 0.92999261
K100: 95 | L100: =VLOOKUP(K100,ZoneTable,3,FALSE) -> Forest Hills | M100: =VLOOKUP(K100,ZoneTable,2,FALSE) -> Queens | N100: =SUMIFS(tblZoneMonthly[Trips],tblZoneMonthly[Location ID],K100) -> 41370 | O100: =_xlfn.RANK.EQ(N100,$N$6:$N$270,0)+COUNTIF($N$6:N99,N100) -> 81 | P100: =SUMIFS($N$6:$N$270,$O$6:$O$270,"<="&95)/SUM($N$6:$N$270) -> 0.93156635
K101: 96 | L101: =VLOOKUP(K101,ZoneTable,3,FALSE) -> Forest Park/Highland Park | M101: =VLOOKUP(K101,ZoneTable,2,FALSE) -> Queens | N101: =SUMIFS(tblZoneMonthly[Trips],tblZoneMonthly[Location ID],K101) -> 550 | O101: =_xlfn.RANK.EQ(N101,$N$6:$N$270,0)+COUNTIF($N$6:N100,N101) -> 233 | P101: =SUMIFS($N$6:$N$270,$O$6:$O$270,"<="&96)/SUM($N$6:$N$270) -> 0.93307015
...

Sheet Bases
A1: Dispatching bases — share of trips 2014 vs 2015
A2: Base name via XLOOKUP (falls back to VLOOKUP in Excel 2019). 2014 = Apr-Sep, 2015 = Jan-Jun (dispatching base).
A5: Base code | B5: Base name | C5: Trips 2014 | D5: Share 2014 | E5: Trips 2015 | F5: Share 2015 | G5: Change (pts)
A6: B02764 | B6: {=IFERROR(_xlfn.XLOOKUP(A6,tblBases[Base Code],tblBases[Base Name]),VLOOKUP(A6,BaseTable,2,FALSE))} -> Danach-NY | C6: =SUMIFS(tblBaseDaily[Trips],tblBaseDaily[Base Code],A6,tblBaseDaily[Year],2014) -> 263899 | D6: =C6/SUM($C$6:$C$13) -> 0.058200258 | E6: =SUMIFS(tblBaseDaily[Trips],tblBaseDaily[Base Code],A6,tblBaseDaily[Year],2015) -> 5753653 | F6: =E6/SUM($E$6:$E$13) -> 0.4031857 | G6: =(F6-D6)*100 -> 34.498544
A7: B02682 | B7: {=IFERROR(_xlfn.XLOOKUP(A7,tblBases[Base Code],tblBases[Base Name]),VLOOKUP(A7,BaseTable,2,FALSE))} -> Schmecken | C7: =SUMIFS(tblBaseDaily[Trips],tblBaseDaily[Base Code],A7,tblBaseDaily[Year],2014) -> 1212789 | D7: =C7/SUM($C$6:$C$13) -> 0.26746836 | E7: =SUMIFS(tblBaseDaily[Trips],tblBaseDaily[Base Code],A7,tblBaseDaily[Year],2015) -> 3484530 | F7: =E7/SUM($E$6:$E$13) -> 0.24417751 | G7: =(F7-D7)*100 -> -2.3290851
A8: B02617 | B8: {=IFERROR(_xlfn.XLOOKUP(A8,tblBases[Base Code],tblBases[Base Name]),VLOOKUP(A8,BaseTable,2,FALSE))} -> Weiter | C8: =SUMIFS(tblBaseDaily[Trips],tblBaseDaily[Base Code],A8,tblBaseDaily[Year],2014) -> 1458853 | D8: =C8/SUM($C$6:$C$13) -> 0.32173529 | E8: =SUMIFS(tblBaseDaily[Trips],tblBaseDaily[Base Code],A8,tblBaseDaily[Year],2015) -> 2068525 | F8: =E8/SUM($E$6:$E$13) -> 0.14495134 | G8: =(F8-D8)*100 -> -17.678395
A9: B02598 | B9: {=IFERROR(_xlfn.XLOOKUP(A9,tblBases[Base Code],tblBases[Base Name]),VLOOKUP(A9,BaseTable,2,FALSE))} -> Hinter | C9: =SUMIFS(tblBaseDaily[Trips],tblBaseDaily[Base Code],A9,tblBaseDaily[Year],2014) -> 1393113 | D9: =C9/SUM($C$6:$C$13) -> 0.30723699 | E9: =SUMIFS(tblBaseDaily[Trips],tblBaseDaily[Base Code],A9,tblBaseDaily[Year],2015) -> 1526660 | F9: =E9/SUM($E$6:$E$13) -> 0.10698029 | G9: =(F9-D9)*100 -> -20.02567
A10: B02765 | B10: {=IFERROR(_xlfn.XLOOKUP(A10,tblBases[Base Code],tblBases[Base Name]),VLOOKUP(A10,BaseTable,2,FALSE))} -> Grun | C10: =SUMIFS(tblBaseDaily[Trips],tblBaseDaily[Base Code],A10,tblBaseDaily[Year],2014) -> 0 | D10: =C10/SUM($C$6:$C$13) -> 0 | E10: =SUMIFS(tblBaseDaily[Trips],tblBaseDaily[Base Code],A10,tblBaseDaily[Year],2015) -> 1152727 | F10: =E10/SUM($E$6:$E$13) -> 0.080777036 | G10: =(F10-D10)*100 -> 8.0777036
A11: B02512 | B11: {=IFERROR(_xlfn.XLOOKUP(A11,tblBases[Base Code],tblBases[Base Name]),VLOOKUP(A11,BaseTable,2,FALSE))} -> Unter | C11: =SUMIFS(tblBaseDaily[Trips],tblBaseDaily[Base Code],A11,tblBaseDaily[Year],2014) -> 205673 | D11: =C11/SUM($C$6:$C$13) -> 0.045359102 | E11: =SUMIFS(tblBaseDaily[Trips],tblBaseDaily[Base Code],A11,tblBaseDaily[Year],2015) -> 255772 | F11: =E11/SUM($E$6:$E$13) -> 0.017923155 | G11: =(F11-D11)*100 -> -2.7435947
A12: B02835 | B12: {=IFERROR(_xlfn.XLOOKUP(A12,tblBases[Base Code],tblBases[Base Name]),VLOOKUP(A12,BaseTable,2,FALSE))} -> Dreist | C12: =SUMIFS(tblBaseDaily[Trips],tblBaseDaily[Base Code],A12,tblBaseDaily[Year],2014) -> 0 | D12: =C12/SUM($C$6:$C$13) -> 0 | E12: =SUMIFS(tblBaseDaily[Trips],tblBaseDaily[Base Code],A12,tblBaseDaily[Year],2015) -> 26622 | F12: =E12/SUM($E$6:$E$13) -> 0.0018655295 | G12: =(F12-D12)*100 -> 0.18655295
A13: B02836 | B13: {=IFERROR(_xlfn.XLOOKUP(A13,tblBases[Base Code],tblBases[Base Name]),VLOOKUP(A13,BaseTable,2,FALSE))} -> Drinnen | C13: =SUMIFS(tblBaseDaily[Trips],tblBaseDaily[Base Code],A13,tblBaseDaily[Year],2014) -> 0 | D13: =C13/SUM($C$6:$C$13) -> 0 | E13: =SUMIFS(tblBaseDaily[Trips],tblBaseDaily[Base Code],A13,tblBaseDaily[Year],2015) -> 1990 | F13: =E13/SUM($E$6:$E$13) -> 0.00013944872 | G13: =(F13-D13)*100 -> 0.013944872
A14: Total | C14: =SUM(C6:C13) -> 4534327 | E14: =SUM(E6:E13) -> 14270479

Sheet Supply
A1: Supply (FOIL, Jan-Feb 2015) — active vehicles and trips per active vehicle
A2: Trips per active vehicle per day is a productivity proxy, not driver utilization (the data has no driver hours).
I4: Daily fleet (all bases) | N4: Full weeks (Mon-Sun)
A5: Base code | B5: Base name | C5: Avg active vehicles | D5: Trips | E5: Vehicle-days | F5: Trips per vehicle-day | G5: Rank | I5: Date | J5: Active vehicles | K5: Trips | L5: Week start | N5: Week start | O5: Days | P5: Avg active vehicles | Q5: Growth vs first full week
A6: B02764 | B6: =VLOOKUP(A6,BaseTable,2,FALSE) -> Danach-NY | C6: =AVERAGEIFS(tblFOIL[Active Vehicles],tblFOIL[Base Code],A6) -> 3682.8814 | D6: =SUMIFS(tblFOIL[Trips],tblFOIL[Base Code],A6) -> 1914449 | E6: =SUMIFS(tblFOIL[Active Vehicles],tblFOIL[Base Code],A6) -> 217290 | F6: =D6/E6 -> 8.8105711 | G6: =_xlfn.RANK.EQ(F6,$F$6:$F$11,0) -> 4 | I6: 42005 | J6: =SUMIFS(tblFOIL[Active Vehicles],tblFOIL[Date],I6) -> 6885 | K6: =SUMIFS(tblFOIL[Trips],tblFOIL[Date],I6) -> 56437 | L6: =I6-WEEKDAY(I6,2)+1 -> 42002 | N6: 42009 | O6: =COUNTIFS($L$6:$L$64,N6) -> 7 | P6: =AVERAGEIFS($J$6:$J$64,$L$6:$L$64,N6) -> 7349.8571 | Q6: =P6/$P$6-1 -> 0
A7: B02617 | B7: =VLOOKUP(A7,BaseTable,2,FALSE) -> Weiter | C7: =AVERAGEIFS(tblFOIL[Active Vehicles],tblFOIL[Base Code],A7) -> 1351.8305 | D7: =SUMIFS(tblFOIL[Trips],tblFOIL[Base Code],A7) -> 725025 | E7: =SUMIFS(tblFOIL[Active Vehicles],tblFOIL[Base Code],A7) -> 79758 | F7: =D7/E7 -> 9.0903107 | G7: =_xlfn.RANK.EQ(F7,$F$6:$F$11,0) -> 3 | I7: 42006 | J7: =SUMIFS(tblFOIL[Active Vehicles],tblFOIL[Date],I7) -> 6330 | K7: =SUMIFS(tblFOIL[Trips],tblFOIL[Date],I7) -> 39189 | L7: =I7-WEEKDAY(I7,2)+1 -> 42002 | N7: 42016 | O7: =COUNTIFS($L$6:$L$64,N7) -> 7 | P7: =AVERAGEIFS($J$6:$J$64,$L$6:$L$64,N7) -> 7645 | Q7: =P7/$P$6-1 -> 0.040156271
A8: B02682 | B8: =VLOOKUP(A8,BaseTable,2,FALSE) -> Schmecken | C8: =AVERAGEIFS(tblFOIL[Active Vehicles],tblFOIL[Base Code],A8) -> 1210.6949 | D8: =SUMIFS(tblFOIL[Trips],tblFOIL[Base Code],A8) -> 662509 | E8: =SUMIFS(tblFOIL[Active Vehicles],tblFOIL[Base Code],A8) -> 71431 | F8: =D8/E8 -> 9.2748107 | G8: =_xlfn.RANK.EQ(F8,$F$6:$F$11,0) -> 1 | I8: 42007 | J8: =SUMIFS(tblFOIL[Active Vehicles],tblFOIL[Date],I8) -> 6510 | K8: =SUMIFS(tblFOIL[Trips],tblFOIL[Date],I8) -> 58449 | L8: =I8-WEEKDAY(I8,2)+1 -> 42002 | N8: 42023 | O8: =COUNTIFS($L$6:$L$64,N8) -> 7 | P8: =AVERAGEIFS($J$6:$J$64,$L$6:$L$64,N8) -> 7524.5714 | Q8: =P8/$P$6-1 -> 0.023771113
A9: B02598 | B9: =VLOOKUP(A9,BaseTable,2,FALSE) -> Hinter | C9: =AVERAGEIFS(tblFOIL[Active Vehicles],tblFOIL[Base Code],A9) -> 994.11864 | D9: =SUMIFS(tblFOIL[Trips],tblFOIL[Base Code],A9) -> 540791 | E9: =SUMIFS(tblFOIL[Active Vehicles],tblFOIL[Base Code],A9) -> 58653 | F9: =D9/E9 -> 9.2201763 | G9: =_xlfn.RANK.EQ(F9,$F$6:$F$11,0) -> 2 | I9: 42008 | J9: =SUMIFS(tblFOIL[Active Vehicles],tblFOIL[Date],I9) -> 5838 | K9: =SUMIFS(tblFOIL[Trips],tblFOIL[Date],I9) -> 40798 | L9: =I9-WEEKDAY(I9,2)+1 -> 42002 | N9: 42030 | O9: =COUNTIFS($L$6:$L$64,N9) -> 7 | P9: =AVERAGEIFS($J$6:$J$64,$L$6:$L$64,N9) -> 7269.7143 | Q9: =P9/$P$6-1 -> -0.010904002
A10: B02765 | B10: =VLOOKUP(A10,BaseTable,2,FALSE) -> Grun | C10: =AVERAGEIFS(tblFOIL[Active Vehicles],tblFOIL[Base Code],A10) -> 382.62712 | D10: =SUMIFS(tblFOIL[Trips],tblFOIL[Base Code],A10) -> 193670 | E10: =SUMIFS(tblFOIL[Active Vehicles],tblFOIL[Base Code],A10) -> 22575 | F10: =D10/E10 -> 8.578959 | G10: =_xlfn.RANK.EQ(F10,$F$6:$F$11,0) -> 5 | I10: 42009 | J10: =SUMIFS(tblFOIL[Active Vehicles],tblFOIL[Date],I10) -> 6884 | K10: =SUMIFS(tblFOIL[Trips],tblFOIL[Date],I10) -> 42752 | L10: =I10-WEEKDAY(I10,2)+1 -> 42009 | N10: 42037 | O10: =COUNTIFS($L$6:$L$64,N10) -> 7 | P10: =AVERAGEIFS($J$6:$J$64,$L$6:$L$64,N10) -> 8031.4286 | Q10: =P10/$P$6-1 -> 0.092732609
A11: B02512 | B11: =VLOOKUP(A11,BaseTable,2,FALSE) -> Unter | C11: =AVERAGEIFS(tblFOIL[Active Vehicles],tblFOIL[Base Code],A11) -> 222.45763 | D11: =SUMIFS(tblFOIL[Trips],tblFOIL[Base Code],A11) -> 93786 | E11: =SUMIFS(tblFOIL[Active Vehicles],tblFOIL[Base Code],A11) -> 13125 | F11: =D11/E11 -> 7.1456 | G11: =_xlfn.RANK.EQ(F11,$F$6:$F$11,0) -> 6 | I11: 42010 | J11: =SUMIFS(tblFOIL[Active Vehicles],tblFOIL[Date],I11) -> 7216 | K11: =SUMIFS(tblFOIL[Trips],tblFOIL[Date],I11) -> 52426 | L11: =I11-WEEKDAY(I11,2)+1 -> 42009 | N11: 42044 | O11: =COUNTIFS($L$6:$L$64,N11) -> 7 | P11: =AVERAGEIFS($J$6:$J$64,$L$6:$L$64,N11) -> 8553 | Q11: =P11/$P$6-1 -> 0.16369609
I12: 42011 | J12: =SUMIFS(tblFOIL[Active Vehicles],tblFOIL[Date],I12) -> 7444 | K12: =SUMIFS(tblFOIL[Trips],tblFOIL[Date],I12) -> 62102 | L12: =I12-WEEKDAY(I12,2)+1 -> 42009 | N12: 42051 | O12: =COUNTIFS($L$6:$L$64,N12) -> 7 | P12: =AVERAGEIFS($J$6:$J$64,$L$6:$L$64,N12) -> 8494.2857 | Q12: =P12/$P$6-1 -> 0.15570759
A13: Totals | I13: 42012 | J13: =SUMIFS(tblFOIL[Active Vehicles],tblFOIL[Date],I13) -> 7999 | K13: =SUMIFS(tblFOIL[Trips],tblFOIL[Date],I13) -> 71413 | L13: =I13-WEEKDAY(I13,2)+1 -> 42009
A14: Trips per vehicle-day, All days | E14: =SUM(tblFOIL[Trips])/SUM(tblFOIL[Active Vehicles]) -> 8.9238212 | I14: 42013 | J14: =SUMIFS(tblFOIL[Active Vehicles],tblFOIL[Date],I14) -> 7989 | K14: =SUMIFS(tblFOIL[Trips],tblFOIL[Date],I14) -> 70296 | L14: =I14-WEEKDAY(I14,2)+1 -> 42009
A15: Trips per vehicle-day, Weekends | E15: =SUMIFS(tblFOIL[Trips],tblFOIL[Day Type],"Weekend")/SUMIFS(tblFOIL[Active Vehicles],tblFOIL[Day Type],"Weekend") -> 9.9333089 | I15: 42014 | J15: =SUMIFS(tblFOIL[Active Vehicles],tblFOIL[Date],I15) -> 7346 | K15: =SUMIFS(tblFOIL[Trips],tblFOIL[Date],I15) -> 78484 | L15: =I15-WEEKDAY(I15,2)+1 -> 42009
A16: Trips per vehicle-day, Weekdays | E16: =SUMIFS(tblFOIL[Trips],tblFOIL[Day Type],"Weekday")/SUMIFS(tblFOIL[Active Vehicles],tblFOIL[Day Type],"Weekday") -> 8.536315 | I16: 42015 | J16: =SUMIFS(tblFOIL[Active Vehicles],tblFOIL[Date],I16) -> 6571 | K16: =SUMIFS(tblFOIL[Trips],tblFOIL[Date],I16) -> 57026 | L16: =I16-WEEKDAY(I16,2)+1 -> 42009
A17: Avg active vehicles per day (all bases) | E17: =AVERAGE($J$6:$J$64) -> 7844.6102 | I17: 42016 | J17: =SUMIFS(tblFOIL[Active Vehicles],tblFOIL[Date],I17) -> 7364 | K17: =SUMIFS(tblFOIL[Trips],tblFOIL[Date],I17) -> 57646 | L17: =I17-WEEKDAY(I17,2)+1 -> 42016
A18: Correlation: active vehicles vs trips (base-days) | E18: =CORREL(tblFOIL[Active Vehicles],tblFOIL[Trips]) -> 0.98049254 | I18: 42017 | J18: =SUMIFS(tblFOIL[Active Vehicles],tblFOIL[Date],I18) -> 7559 | K18: =SUMIFS(tblFOIL[Trips],tblFOIL[Date],I18) -> 63499 | L18: =I18-WEEKDAY(I18,2)+1 -> 42016
I19: 42018 | J19: =SUMIFS(tblFOIL[Active Vehicles],tblFOIL[Date],I19) -> 7849 | K19: =SUMIFS(tblFOIL[Trips],tblFOIL[Date],I19) -> 63329 | L19: =I19-WEEKDAY(I19,2)+1 -> 42016
A20: Trips per vehicle-day by weekday | I20: 42019 | J20: =SUMIFS(tblFOIL[Active Vehicles],tblFOIL[Date],I20) -> 8080 | K20: =SUMIFS(tblFOIL[Trips],tblFOIL[Date],I20) -> 66729 | L20: =I20-WEEKDAY(I20,2)+1 -> 42016
A21: Weekday | B21: Trips / vehicle | I21: 42020 | J21: =SUMIFS(tblFOIL[Active Vehicles],tblFOIL[Date],I21) -> 8273 | K21: =SUMIFS(tblFOIL[Trips],tblFOIL[Date],I21) -> 72480 | L21: =I21-WEEKDAY(I21,2)+1 -> 42016
A22: Mon | B22: =SUMIFS(tblFOIL[Trips],tblFOIL[Weekday],A22)/SUMIFS(tblFOIL[Active Vehicles],tblFOIL[Weekday],A22) -> 8.1024248 | I22: 42021 | J22: =SUMIFS(tblFOIL[Active Vehicles],tblFOIL[Date],I22) -> 7527 | K22: =SUMIFS(tblFOIL[Trips],tblFOIL[Date],I22) -> 73363 | L22: =I22-WEEKDAY(I22,2)+1 -> 42016
A23: Tue | B23: =SUMIFS(tblFOIL[Trips],tblFOIL[Weekday],A23)/SUMIFS(tblFOIL[Active Vehicles],tblFOIL[Weekday],A23) -> 8.2002614 | I23: 42022 | J23: =SUMIFS(tblFOIL[Active Vehicles],tblFOIL[Date],I23) -> 6863 | K23: =SUMIFS(tblFOIL[Trips],tblFOIL[Date],I23) -> 72473 | L23: =I23-WEEKDAY(I23,2)+1 -> 42016
A24: Wed | B24: =SUMIFS(tblFOIL[Trips],tblFOIL[Weekday],A24)/SUMIFS(tblFOIL[Active Vehicles],tblFOIL[Weekday],A24) -> 8.1697576 | I24: 42023 | J24: =SUMIFS(tblFOIL[Active Vehicles],tblFOIL[Date],I24) -> 5945 | K24: =SUMIFS(tblFOIL[Trips],tblFOIL[Date],I24) -> 45755 | L24: =I24-WEEKDAY(I24,2)+1 -> 42023
A25: Thu | B25: =SUMIFS(tblFOIL[Trips],tblFOIL[Weekday],A25)/SUMIFS(tblFOIL[Active Vehicles],tblFOIL[Weekday],A25) -> 8.7793063 | I25: 42024 | J25: =SUMIFS(tblFOIL[Active Vehicles],tblFOIL[Date],I25) -> 7592 | K25: =SUMIFS(tblFOIL[Trips],tblFOIL[Date],I25) -> 54772 | L25: =I25-WEEKDAY(I25,2)+1 -> 42023
A26: Fri | B26: =SUMIFS(tblFOIL[Trips],tblFOIL[Weekday],A26)/SUMIFS(tblFOIL[Active Vehicles],tblFOIL[Weekday],A26) -> 9.1824767 | I26: 42025 | J26: =SUMIFS(tblFOIL[Active Vehicles],tblFOIL[Date],I26) -> 7948 | K26: =SUMIFS(tblFOIL[Trips],tblFOIL[Date],I26) -> 59147 | L26: =I26-WEEKDAY(I26,2)+1 -> 42023
A27: Sat | B27: =SUMIFS(tblFOIL[Trips],tblFOIL[Weekday],A27)/SUMIFS(tblFOIL[Active Vehicles],tblFOIL[Weekday],A27) -> 10.466031 | I27: 42026 | J27: =SUMIFS(tblFOIL[Active Vehicles],tblFOIL[Date],I27) -> 8267 | K27: =SUMIFS(tblFOIL[Trips],tblFOIL[Date],I27) -> 65602 | L27: =I27-WEEKDAY(I27,2)+1 -> 42023
A28: Sun | B28: =SUMIFS(tblFOIL[Trips],tblFOIL[Weekday],A28)/SUMIFS(tblFOIL[Active Vehicles],tblFOIL[Weekday],A28) -> 9.2575977 | I28: 42027 | J28: =SUMIFS(tblFOIL[Active Vehicles],tblFOIL[Date],I28) -> 8490 | K28: =SUMIFS(tblFOIL[Trips],tblFOIL[Date],I28) -> 71819 | L28: =I28-WEEKDAY(I28,2)+1 -> 42023
I29: 42028 | J29: =SUMIFS(tblFOIL[Active Vehicles],tblFOIL[Date],I29) -> 7643 | K29: =SUMIFS(tblFOIL[Trips],tblFOIL[Date],I29) -> 80709 | L29: =I29-WEEKDAY(I29,2)+1 -> 42023
I30: 42029 | J30: =SUMIFS(tblFOIL[Active Vehicles],tblFOIL[Date],I30) -> 6787 | K30: =SUMIFS(tblFOIL[Trips],tblFOIL[Date],I30) -> 57895 | L30: =I30-WEEKDAY(I30,2)+1 -> 42023
I31: 42030 | J31: =SUMIFS(tblFOIL[Active Vehicles],tblFOIL[Date],I31) -> 6533 | K31: =SUMIFS(tblFOIL[Trips],tblFOIL[Date],I31) -> 43395 | L31: =I31-WEEKDAY(I31,2)+1 -> 42030
I32: 42031 | J32: =SUMIFS(tblFOIL[Active Vehicles],tblFOIL[Date],I32) -> 3496 | K32: =SUMIFS(tblFOIL[Trips],tblFOIL[Date],I32) -> 25244 | L32: =I32-WEEKDAY(I32,2)+1 -> 42030
I33: 42032 | J33: =SUMIFS(tblFOIL[Active Vehicles],tblFOIL[Date],I33) -> 7815 | K33: =SUMIFS(tblFOIL[Trips],tblFOIL[Date],I33) -> 60446 | L33: =I33-WEEKDAY(I33,2)+1 -> 42030
I34: 42033 | J34: =SUMIFS(tblFOIL[Active Vehicles],tblFOIL[Date],I34) -> 8376 | K34: =SUMIFS(tblFOIL[Trips],tblFOIL[Date],I34) -> 68994 | L34: =I34-WEEKDAY(I34,2)+1 -> 42030
I35: 42034 | J35: =SUMIFS(tblFOIL[Active Vehicles],tblFOIL[Date],I35) -> 8693 | K35: =SUMIFS(tblFOIL[Trips],tblFOIL[Date],I35) -> 83723 | L35: =I35-WEEKDAY(I35,2)+1 -> 42030
I36: 42035 | J36: =SUMIFS(tblFOIL[Active Vehicles],tblFOIL[Date],I36) -> 8223 | K36: =SUMIFS(tblFOIL[Trips],tblFOIL[Date],I36) -> 92257 | L36: =I36-WEEKDAY(I36,2)+1 -> 42030
I37: 42036 | J37: =SUMIFS(tblFOIL[Active Vehicles],tblFOIL[Date],I37) -> 7752 | K37: =SUMIFS(tblFOIL[Trips],tblFOIL[Date],I37) -> 76910 | L37: =I37-WEEKDAY(I37,2)+1 -> 42030
I38: 42037 | J38: =SUMIFS(tblFOIL[Active Vehicles],tblFOIL[Date],I38) -> 7080 | K38: =SUMIFS(tblFOIL[Trips],tblFOIL[Date],I38) -> 68980 | L38: =I38-WEEKDAY(I38,2)+1 -> 42037
I39: 42038 | J39: =SUMIFS(tblFOIL[Active Vehicles],tblFOIL[Date],I39) -> 7840 | K39: =SUMIFS(tblFOIL[Trips],tblFOIL[Date],I39) -> 70188 | L39: =I39-WEEKDAY(I39,2)+1 -> 42037
I40: 42039 | J40: =SUMIFS(tblFOIL[Active Vehicles],tblFOIL[Date],I40) -> 8185 | K40: =SUMIFS(tblFOIL[Trips],tblFOIL[Date],I40) -> 66835 | L40: =I40-WEEKDAY(I40,2)+1 -> 42037
... I64: 42063 | J64: =SUMIFS(tblFOIL[Active Vehicles],tblFOIL[Date],I64) -> 8681 | K64: =SUMIFS(tblFOIL[Trips],tblFOIL[Date],I64) -> 88181 | L64: =I64-WEEKDAY(I64,2)+1 -> 42058

Sheet Market
A1: Market context — Uber vs Lyft and yellow taxis (TLC summary, Jul-Sep 2014)
A2: Averages per day by month (AVERAGEIFS on the Market2014 table). First Lyft trip with MINIFS.
A5: Month | B5: Uber / day | C5: Lyft / day | D5: Yellow taxi / day | E5: Uber vs yellow | F5: Uber vs Lyft
A6: 41821 | B6: =AVERAGEIFS(tblMarket[Uber],tblMarket[Month],A6) -> 25681.323 | C6: =AVERAGEIFS(tblMarket[Lyft],tblMarket[Month],A6) -> 137.22581 | D6: =AVERAGEIFS(tblMarket[Yellow Taxis],tblMarket[Month],A6) -> 418388.19 | E6: =B6/D6 -> 0.061381566 | F6: =IF(C6>0,B6/C6,"") -> 187.14645
A7: 41852 | B7: =AVERAGEIFS(tblMarket[Uber],tblMarket[Month],A7) -> 26750.806 | C7: =AVERAGEIFS(tblMarket[Lyft],tblMarket[Month],A7) -> 4756.3871 | D7: =AVERAGEIFS(tblMarket[Yellow Taxis],tblMarket[Month],A7) -> 405144.26 | E7: =B7/D7 -> 0.066027855 | F7: =IF(C7>0,B7/C7,"") -> 5.6241862
A8: 41883 | B8: =AVERAGEIFS(tblMarket[Uber],tblMarket[Month],A8) -> 34271.2 | C8: =AVERAGEIFS(tblMarket[Lyft],tblMarket[Month],A8) -> 3866.6333 | D8: =AVERAGEIFS(tblMarket[Yellow Taxis],tblMarket[Month],A8) -> 441306.53 | E8: =B8/D8 -> 0.077658492 | F8: =IF(C8>0,B8/C8,"") -> 8.8633178
A10: First day with Lyft trips | D10: =_xlfn.MINIFS(tblMarket[Date],tblMarket[Lyft],">0") -> 41845
A13: Why the 2015 base report is NOT used for market share
A14: Month | B14: Days | C14: Avg bases reporting / day | D14: Trips (all reporting bases)
A15: 42005 | B15: 31 | C15: 59.2 | D15: 977191
A16: 42036 | B16: 28 | C16: 58.4 | D16: 957125
A17: 42064 | B17: 31 | C17: 54.7 | D17: 823005
A18: 42095 | B18: 30 | C18: 195 | D18: 1199269
A19: 42125 | B19: 31 | C19: 202.2 | D19: 1149425
A20: 42156 | B20: 30 | C20: 164.9 | D20: 941975
A21: 42186 | B21: 31 | C21: 122.4 | D21: 474131
A22: 42217 | B22: 31 | C22: 5 | D22: 28715
A23: Values from data/cleaned/fhv_other_daily_2015.csv. Coverage jumps from ~59 to ~200 bases a day in April and falls to 5 in August, so totals reflect reporting, not demand.

Sheet Pivot_Tables
A1: PivotTables (sources: Hourly and ZoneMonthly tables)
A2: Native Excel PivotTables. They refresh when the file opens (Data → Refresh All also works).
A4: Pivot 1 — trips by hour of day and period | G4: Pivot 2 — 2015 trips by service area
A6: Sum - Trips | B6: Period | G6: Service Area | H6: Sum - Trips
A7: Hour | B7: 2014 Apr-Sep | C7: 2015 Jan-Jun | D7: Total Result | G7: Airports | H7: 555393
A8: 0 | B8: 103836 | C8: 602178 | D8: 706014 | G8: Bronx | H8: 220146
A9: 1 | B9: 67227 | C9: 394510 | D9: 461737 | G9: Brooklyn | H9: 2322000
A10: 2 | B10: 45865 | C10: 260603 | D10: 306468 | G10: Manhattan | H10: 10371060
A11: 3 | B11: 48287 | C11: 183655 | D11: 231942 | G11: Queens | H11: 788657
A12: 4 | B12: 55230 | C12: 173038 | D12: 228268 | G12: Staten Island | H12: 6959
A13: 5 | B13: 83939 | C13: 193523 | D13: 277462 | G13: Unknown | H13: 6264
A14: 6 | B14: 143213 | C14: 288533 | D14: 431746 | G14: Total Result | H14: 14270479
A15: 7 | B15: 193094 | C15: 443543 | D15: 636637
A16: 8 | B16: 190504 | C16: 583348 | D16: 773852
A17: 9 | B17: 159967 | C17: 593437 | D17: 753404
A18: 10 | B18: 159148 | C18: 520092 | D18: 679240
A19: 11 | B19: 165703 | C19: 516716 | D19: 682419
A20: 12 | B20: 170452 | C20: 533021 | D20: 703473
A21: 13 | B21: 195877 | C21: 537909 | D21: 733786
A22: 14 | B22: 230625 | C22: 584463 | D22: 815088
A23: 15 | B23: 275466 | C23: 649414 | D23: 924880
A24: 16 | B24: 313400 | C24: 737170 | D24: 1050570
A25: 17 | B25: 336190 | C25: 863990 | D25: 1200180
A26: 18 | B26: 324679 | C26: 987093 | D26: 1311772
... A31: 23 | B31: 169190 | C31: 814789 | D31: 983979
A32: Total Result | B32: 4534327 | C32: 14270479 | D32: 18804806

Sheet Hourly
A1: Date | B1: Hour | C1: Trips | D1: Period | E1: Year | F1: Month | G1: Weekday | H1: Day Type | I1: Time Band
A2: 41730 | B2: 0 | C2: 138 | D2: 2014 Apr-Sep | E2: =YEAR(A2) -> 2014 | F2: =DATE(YEAR(A2),MONTH(A2),1) -> 41730 | G2: =CHOOSE(WEEKDAY(A2,2),"Mon","Tue","Wed","Thu","Fri","Sat","Sun") -> Tue | H2: =IF(WEEKDAY(A2,2)>5,"Weekend","Weekday") -> Weekday | I2: =_xlfn.IFS(B2<=5,"Night (0-5)",B2<=9,"Morning peak (6-9)",B2<=15,"Midday (10-15)",B2<=19,"Evening peak (16-19)",TRUE,"Late evening (20-23)") -> Night (0-5)
A3: 41730 | B3: 1 | C3: 66 | D3: 2014 Apr-Sep | E3: =YEAR(A3) -> 2014 | F3: =DATE(YEAR(A3),MONTH(A3),1) -> 41730 | G3: =CHOOSE(WEEKDAY(A3,2),"Mon","Tue","Wed","Thu","Fri","Sat","Sun") -> Tue | H3: =IF(WEEKDAY(A3,2)>5,"Weekend","Weekday") -> Weekday | I3: =_xlfn.IFS(B3<=5,"Night (0-5)",B3<=9,"Morning peak (6-9)",B3<=15,"Midday (10-15)",B3<=19,"Evening peak (16-19)",TRUE,"Late evening (20-23)") -> Night (0-5)
A4: 41730 | B4: 2 | C4: 53 | D4: 2014 Apr-Sep | E4: =YEAR(A4) -> 2014 | F4: =DATE(YEAR(A4),MONTH(A4),1) -> 41730 | G4: =CHOOSE(WEEKDAY(A4,2),"Mon","Tue","Wed","Thu","Fri","Sat","Sun") -> Tue | H4: =IF(WEEKDAY(A4,2)>5,"Weekend","Weekday") -> Weekday | I4: =_xlfn.IFS(B4<=5,"Night (0-5)",B4<=9,"Morning peak (6-9)",B4<=15,"Midday (10-15)",B4<=19,"Evening peak (16-19)",TRUE,"Late evening (20-23)") -> Night (0-5)
A5: 41730 | B5: 3 | C5: 93 | D5: 2014 Apr-Sep | E5: =YEAR(A5) -> 2014 | F5: =DATE(YEAR(A5),MONTH(A5),1) -> 41730 | G5: =CHOOSE(WEEKDAY(A5,2),"Mon","Tue","Wed","Thu","Fri","Sat","Sun") -> Tue | H5: =IF(WEEKDAY(A5,2)>5,"Weekend","Weekday") -> Weekday | I5: =_xlfn.IFS(B5<=5,"Night (0-5)",B5<=9,"Morning peak (6-9)",B5<=15,"Midday (10-15)",B5<=19,"Evening peak (16-19)",TRUE,"Late evening (20-23)") -> Night (0-5)
A6: 41730 | B6: 4 | C6: 166 | D6: 2014 Apr-Sep | E6: =YEAR(A6) -> 2014 | F6: =DATE(YEAR(A6),MONTH(A6),1) -> 41730 | G6: =CHOOSE(WEEKDAY(A6,2),"Mon","Tue","Wed","Thu","Fri","Sat","Sun") -> Tue | H6: =IF(WEEKDAY(A6,2)>5,"Weekend","Weekday") -> Weekday | I6: =_xlfn.IFS(B6<=5,"Night (0-5)",B6<=9,"Morning peak (6-9)",B6<=15,"Midday (10-15)",B6<=19,"Evening peak (16-19)",TRUE,"Late evening (20-23)") -> Night (0-5)
A7: 41730 | B7: 5 | C7: 333 | D7: 2014 Apr-Sep | E7: =YEAR(A7) -> 2014 | F7: =DATE(YEAR(A7),MONTH(A7),1) -> 41730 | G7: =CHOOSE(WEEKDAY(A7,2),"Mon","Tue","Wed","Thu","Fri","Sat","Sun") -> Tue | H7: =IF(WEEKDAY(A7,2)>5,"Weekend","Weekday") -> Weekday | I7: =_xlfn.IFS(B7<=5,"Night (0-5)",B7<=9,"Morning peak (6-9)",B7<=15,"Midday (10-15)",B7<=19,"Evening peak (16-19)",TRUE,"Late evening (20-23)") -> Night (0-5)
A8: 41730 | B8: 6 | C8: 722 | D8: 2014 Apr-Sep | E8: =YEAR(A8) -> 2014 | F8: =DATE(YEAR(A8),MONTH(A8),1) -> 41730 | G8: =CHOOSE(WEEKDAY(A8,2),"Mon","Tue","Wed","Thu","Fri","Sat","Sun") -> Tue | H8: =IF(WEEKDAY(A8,2)>5,"Weekend","Weekday") -> Weekday | I8: =_xlfn.IFS(B8<=5,"Night (0-5)",B8<=9,"Morning peak (6-9)",B8<=15,"Midday (10-15)",B8<=19,"Evening peak (16-19)",TRUE,"Late evening (20-23)") -> Morning peak (6-9)
A9: 41730 | B9: 7 | C9: 1001 | D9: 2014 Apr-Sep | E9: =YEAR(A9) -> 2014 | F9: =DATE(YEAR(A9),MONTH(A9),1) -> 41730 | G9: =CHOOSE(WEEKDAY(A9,2),"Mon","Tue","Wed","Thu","Fri","Sat","Sun") -> Tue | H9: =IF(WEEKDAY(A9,2)>5,"Weekend","Weekday") -> Weekday | I9: =_xlfn.IFS(B9<=5,"Night (0-5)",B9<=9,"Morning peak (6-9)",B9<=15,"Midday (10-15)",B9<=19,"Evening peak (16-19)",TRUE,"Late evening (20-23)") -> Morning peak (6-9)
A10: 41730 | B10: 8 | C10: 780 | D10: 2014 Apr-Sep | E10: =YEAR(A10) -> 2014 | F10: =DATE(YEAR(A10),MONTH(A10),1) -> 41730 | G10: =CHOOSE(WEEKDAY(A10,2),"Mon","Tue","Wed","Thu","Fri","Sat","Sun") -> Tue | H10: =IF(WEEKDAY(A10,2)>5,"Weekend","Weekday") -> Weekday | I10: =_xlfn.IFS(B10<=5,"Night (0-5)",B10<=9,"Morning peak (6-9)",B10<=15,"Midday (10-15)",B10<=19,"Evening peak (16-19)",TRUE,"Late evening (20-23)") -> Morning peak (6-9)
A11: 41730 | B11: 9 | C11: 532 | D11: 2014 Apr-Sep | E11: =YEAR(A11) -> 2014 | F11: =DATE(YEAR(A11),MONTH(A11),1) -> 41730 | G11: =CHOOSE(WEEKDAY(A11,2),"Mon","Tue","Wed","Thu","Fri","Sat","Sun") -> Tue | H11: =IF(WEEKDAY(A11,2)>5,"Weekend","Weekday") -> Weekday | I11: =_xlfn.IFS(B11<=5,"Night (0-5)",B11<=9,"Morning peak (6-9)",B11<=15,"Midday (10-15)",B11<=19,"Evening peak (16-19)",TRUE,"Late evening (20-23)") -> Morning peak (6-9)
A12: 41730 | B12: 10 | C12: 477 | D12: 2014 Apr-Sep | E12: =YEAR(A12) -> 2014 | F12: =DATE(YEAR(A12),MONTH(A12),1) -> 41730 | G12: =CHOOSE(WEEKDAY(A12,2),"Mon","Tue","Wed","Thu","Fri","Sat","Sun") -> Tue | H12: =IF(WEEKDAY(A12,2)>5,"Weekend","Weekday") -> Weekday | I12: =_xlfn.IFS(B12<=5,"Night (0-5)",B12<=9,"Morning peak (6-9)",B12<=15,"Midday (10-15)",B12<=19,"Evening peak (16-19)",TRUE,"Late evening (20-23)") -> Midday (10-15)
A13: 41730 | B13: 11 | C13: 547 | D13: 2014 Apr-Sep | E13: =YEAR(A13) -> 2014 | F13: =DATE(YEAR(A13),MONTH(A13),1) -> 41730 | G13: =CHOOSE(WEEKDAY(A13,2),"Mon","Tue","Wed","Thu","Fri","Sat","Sun") -> Tue | H13: =IF(WEEKDAY(A13,2)>5,"Weekend","Weekday") -> Weekday | I13: =_xlfn.IFS(B13<=5,"Night (0-5)",B13<=9,"Morning peak (6-9)",B13<=15,"Midday (10-15)",B13<=19,"Evening peak (16-19)",TRUE,"Late evening (20-23)") -> Midday (10-15)
... A8726: 42185 | B8726: 23 | C8726: 4731 | D8726: 2015 Jan-Jun | E8726: =YEAR(A8726) -> 2015 | F8726: =DATE(YEAR(A8726),MONTH(A8726),1) -> 42156 | G8726: =CHOOSE(WEEKDAY(A8726,2),"Mon","Tue","Wed","Thu","Fri","Sat","Sun") -> Tue | H8726: =IF(WEEKDAY(A8726,2)>5,"Weekend","Weekday") -> Weekday | I8726: =_xlfn.IFS(B8726<=5,"Night (0-5)",B8726<=9,"Morning peak (6-9)",B8726<=15,"Midday (10-15)",B8726<=19,"Evening peak (16-19)",TRUE,"Late evening (20-23)") -> Late evening (20-23)

Sheet Daily
A1: Date | B1: Period | C1: Trips | D1: Weekday | E1: Day Type | F1: Month | G1: Holiday | H1: Special Day | I1: Trips 2015 | J1: 7-day Average
A2: 41730 | B2: 2014 Apr-Sep | C2: =SUMIFS(tblHourly[Trips],tblHourly[Date],A2) -> 14546 | D2: =CHOOSE(WEEKDAY(A2,2),"Mon","Tue","Wed","Thu","Fri","Sat","Sun") -> Tue | E2: =IF(WEEKDAY(A2,2)>5,"Weekend","Weekday") -> Weekday | F2: =DATE(YEAR(A2),MONTH(A2),1) -> 41730 | G2: =IF(COUNTIF(HolidayDates,A2)>0,"Yes","No") -> No | H2: =IF(COUNTIF(SpecialDates,A2)>0,"Yes","No") -> No | I2: =IF(B2="2015 Jan-Jun",C2,"") | J2: =IF(COUNTIFS(tblDaily[Period],B2,tblDaily[Date],"<="&A2,tblDaily[Date],">"&(A2-7))=7,AVERAGEIFS(tblDaily[Trips],tblDaily[Period],B2,tblDaily[Date],"<="&A2,tblDaily[Date],">"&(A2-7)),"")
A3: 41731 | B3: 2014 Apr-Sep | C3: =SUMIFS(tblHourly[Trips],tblHourly[Date],A3) -> 17474 | D3: =CHOOSE(WEEKDAY(A3,2),"Mon","Tue","Wed","Thu","Fri","Sat","Sun") -> Wed | E3: =IF(WEEKDAY(A3,2)>5,"Weekend","Weekday") -> Weekday | F3: =DATE(YEAR(A3),MONTH(A3),1) -> 41730 | G3: =IF(COUNTIF(HolidayDates,A3)>0,"Yes","No") -> No | H3: =IF(COUNTIF(SpecialDates,A3)>0,"Yes","No") -> No | I3: =IF(B3="2015 Jan-Jun",C3,"") | J3: =IF(COUNTIFS(tblDaily[Period],B3,tblDaily[Date],"<="&A3,tblDaily[Date],">"&(A3-7))=7,AVERAGEIFS(tblDaily[Trips],tblDaily[Period],B3,tblDaily[Date],"<="&A3,tblDaily[Date],">"&(A3-7)),"")
A4: 41732 | B4: 2014 Apr-Sep | C4: =SUMIFS(tblHourly[Trips],tblHourly[Date],A4) -> 20701 | D4: =CHOOSE(WEEKDAY(A4,2),"Mon","Tue","Wed","Thu","Fri","Sat","Sun") -> Thu | E4: =IF(WEEKDAY(A4,2)>5,"Weekend","Weekday") -> Weekday | F4: =DATE(YEAR(A4),MONTH(A4),1) -> 41730 | G4: =IF(COUNTIF(HolidayDates,A4)>0,"Yes","No") -> No | H4: =IF(COUNTIF(SpecialDates,A4)>0,"Yes","No") -> No | I4: =IF(B4="2015 Jan-Jun",C4,"") | J4: =IF(COUNTIFS(tblDaily[Period],B4,tblDaily[Date],"<="&A4,tblDaily[Date],">"&(A4-7))=7,AVERAGEIFS(tblDaily[Trips],tblDaily[Period],B4,tblDaily[Date],"<="&A4,tblDaily[Date],">"&(A4-7)),"")
A5: 41733 | B5: 2014 Apr-Sep | C5: =SUMIFS(tblHourly[Trips],tblHourly[Date],A5) -> 26714 | D5: =CHOOSE(WEEKDAY(A5,2),"Mon","Tue","Wed","Thu","Fri","Sat","Sun") -> Fri | E5: =IF(WEEKDAY(A5,2)>5,"Weekend","Weekday") -> Weekday | F5: =DATE(YEAR(A5),MONTH(A5),1) -> 41730 | G5: =IF(COUNTIF(HolidayDates,A5)>0,"Yes","No") -> No | H5: =IF(COUNTIF(SpecialDates,A5)>0,"Yes","No") -> No | I5: =IF(B5="2015 Jan-Jun",C5,"") | J5: =IF(COUNTIFS(tblDaily[Period],B5,tblDaily[Date],"<="&A5,tblDaily[Date],">"&(A5-7))=7,AVERAGEIFS(tblDaily[Trips],tblDaily[Period],B5,tblDaily[Date],"<="&A5,tblDaily[Date],">"&(A5-7)),"")
A6: 41734 | B6: 2014 Apr-Sep | C6: =SUMIFS(tblHourly[Trips],tblHourly[Date],A6) -> 19521 | D6: =CHOOSE(WEEKDAY(A6,2),"Mon","Tue","Wed","Thu","Fri","Sat","Sun") -> Sat | E6: =IF(WEEKDAY(A6,2)>5,"Weekend","Weekday") -> Weekend | F6: =DATE(YEAR(A6),MONTH(A6),1) -> 41730 | G6: =IF(COUNTIF(HolidayDates,A6)>0,"Yes","No") -> No | H6: =IF(COUNTIF(SpecialDates,A6)>0,"Yes","No") -> No | I6: =IF(B6="2015 Jan-Jun",C6,"") | J6: =IF(COUNTIFS(tblDaily[Period],B6,tblDaily[Date],"<="&A6,tblDaily[Date],">"&(A6-7))=7,AVERAGEIFS(tblDaily[Trips],tblDaily[Period],B6,tblDaily[Date],"<="&A6,tblDaily[Date],">"&(A6-7)),"")
A7: 41735 | B7: 2014 Apr-Sep | C7: =SUMIFS(tblHourly[Trips],tblHourly[Date],A7) -> 13445 | D7: =CHOOSE(WEEKDAY(A7,2),"Mon","Tue","Wed","Thu","Fri","Sat","Sun") -> Sun | E7: =IF(WEEKDAY(A7,2)>5,"Weekend","Weekday") -> Weekend | F7: =DATE(YEAR(A7),MONTH(A7),1) -> 41730 | G7: =IF(COUNTIF(HolidayDates,A7)>0,"Yes","No") -> No | H7: =IF(COUNTIF(SpecialDates,A7)>0,"Yes","No") -> No | I7: =IF(B7="2015 Jan-Jun",C7,"") | J7: =IF(COUNTIFS(tblDaily[Period],B7,tblDaily[Date],"<="&A7,tblDaily[Date],">"&(A7-7))=7,AVERAGEIFS(tblDaily[Trips],tblDaily[Period],B7,tblDaily[Date],"<="&A7,tblDaily[Date],">"&(A7-7)),"")
A8: 41736 | B8: 2014 Apr-Sep | C8: =SUMIFS(tblHourly[Trips],tblHourly[Date],A8) -> 19550 | D8: =CHOOSE(WEEKDAY(A8,2),"Mon","Tue","Wed","Thu","Fri","Sat","Sun") -> Mon | E8: =IF(WEEKDAY(A8,2)>5,"Weekend","Weekday") -> Weekday | F8: =DATE(YEAR(A8),MONTH(A8),1) -> 41730 | G8: =IF(COUNTIF(HolidayDates,A8)>0,"Yes","No") -> No | H8: =IF(COUNTIF(SpecialDates,A8)>0,"Yes","No") -> No | I8: =IF(B8="2015 Jan-Jun",C8,"") | J8: =IF(COUNTIFS(tblDaily[Period],B8,tblDaily[Date],"<="&A8,tblDaily[Date],">"&(A8-7))=7,AVERAGEIFS(tblDaily[Trips],tblDaily[Period],B8,tblDaily[Date],"<="&A8,tblDaily[Date],">"&(A8-7)),"") -> 18850.143
A9: 41737 | B9: 2014 Apr-Sep | C9: =SUMIFS(tblHourly[Trips],tblHourly[Date],A9) -> 16188 | D9: =CHOOSE(WEEKDAY(A9,2),"Mon","Tue","Wed","Thu","Fri","Sat","Sun") -> Tue | E9: =IF(WEEKDAY(A9,2)>5,"Weekend","Weekday") -> Weekday | F9: =DATE(YEAR(A9),MONTH(A9),1) -> 41730 | G9: =IF(COUNTIF(HolidayDates,A9)>0,"Yes","No") -> No | H9: =IF(COUNTIF(SpecialDates,A9)>0,"Yes","No") -> No | I9: =IF(B9="2015 Jan-Jun",C9,"") | J9: =IF(COUNTIFS(tblDaily[Period],B9,tblDaily[Date],"<="&A9,tblDaily[Date],">"&(A9-7))=7,AVERAGEIFS(tblDaily[Trips],tblDaily[Period],B9,tblDaily[Date],"<="&A9,tblDaily[Date],">"&(A9-7)),"") -> 19084.714
A10: 41738 | B10: 2014 Apr-Sep | C10: =SUMIFS(tblHourly[Trips],tblHourly[Date],A10) -> 16843 | D10: =CHOOSE(WEEKDAY(A10,2),"Mon","Tue","Wed","Thu","Fri","Sat","Sun") -> Wed | E10: =IF(WEEKDAY(A10,2)>5,"Weekend","Weekday") -> Weekday | F10: =DATE(YEAR(A10),MONTH(A10),1) -> 41730 | G10: =IF(COUNTIF(HolidayDates,A10)>0,"Yes","No") -> No | H10: =IF(COUNTIF(SpecialDates,A10)>0,"Yes","No") -> No | I10: =IF(B10="2015 Jan-Jun",C10,"") | J10: =IF(COUNTIFS(tblDaily[Period],B10,tblDaily[Date],"<="&A10,tblDaily[Date],">"&(A10-7))=7,AVERAGEIFS(tblDaily[Trips],tblDaily[Period],B10,tblDaily[Date],"<="&A10,tblDaily[Date],">"&(A10-7)),"") -> 18994.571
A11: 41739 | B11: 2014 Apr-Sep | C11: =SUMIFS(tblHourly[Trips],tblHourly[Date],A11) -> 20041 | D11: =CHOOSE(WEEKDAY(A11,2),"Mon","Tue","Wed","Thu","Fri","Sat","Sun") -> Thu | E11: =IF(WEEKDAY(A11,2)>5,"Weekend","Weekday") -> Weekday | F11: =DATE(YEAR(A11),MONTH(A11),1) -> 41730 | G11: =IF(COUNTIF(HolidayDates,A11)>0,"Yes","No") -> No | H11: =IF(COUNTIF(SpecialDates,A11)>0,"Yes","No") -> No | I11: =IF(B11="2015 Jan-Jun",C11,"") | J11: =IF(COUNTIFS(tblDaily[Period],B11,tblDaily[Date],"<="&A11,tblDaily[Date],">"&(A11-7))=7,AVERAGEIFS(tblDaily[Trips],tblDaily[Period],B11,tblDaily[Date],"<="&A11,tblDaily[Date],">"&(A11-7)),"") -> 18900.286
A12: 41740 | B12: 2014 Apr-Sep | C12: =SUMIFS(tblHourly[Trips],tblHourly[Date],A12) -> 20420 | D12: =CHOOSE(WEEKDAY(A12,2),"Mon","Tue","Wed","Thu","Fri","Sat","Sun") -> Fri | E12: =IF(WEEKDAY(A12,2)>5,"Weekend","Weekday") -> Weekday | F12: =DATE(YEAR(A12),MONTH(A12),1) -> 41730 | G12: =IF(COUNTIF(HolidayDates,A12)>0,"Yes","No") -> No | H12: =IF(COUNTIF(SpecialDates,A12)>0,"Yes","No") -> No | I12: =IF(B12="2015 Jan-Jun",C12,"") | J12: =IF(COUNTIFS(tblDaily[Period],B12,tblDaily[Date],"<="&A12,tblDaily[Date],">"&(A12-7))=7,AVERAGEIFS(tblDaily[Trips],tblDaily[Period],B12,tblDaily[Date],"<="&A12,tblDaily[Date],">"&(A12-7)),"") -> 18001.143
A13: 41741 | B13: 2014 Apr-Sep | C13: =SUMIFS(tblHourly[Trips],tblHourly[Date],A13) -> 18170 | D13: =CHOOSE(WEEKDAY(A13,2),"Mon","Tue","Wed","Thu","Fri","Sat","Sun") -> Sat | E13: =IF(WEEKDAY(A13,2)>5,"Weekend","Weekday") -> Weekend | F13: =DATE(YEAR(A13),MONTH(A13),1) -> 41730 | G13: =IF(COUNTIF(HolidayDates,A13)>0,"Yes","No") -> No | H13: =IF(COUNTIF(SpecialDates,A13)>0,"Yes","No") -> No | I13: =IF(B13="2015 Jan-Jun",C13,"") | J13: =IF(COUNTIFS(tblDaily[Period],B13,tblDaily[Date],"<="&A13,tblDaily[Date],">"&(A13-7))=7,AVERAGEIFS(tblDaily[Trips],tblDaily[Period],B13,tblDaily[Date],"<="&A13,tblDaily[Date],">"&(A13-7)),"") -> 17808.143
... A365: 42185 | B365: 2015 Jan-Jun | C365: =SUMIFS(tblHourly[Trips],tblHourly[Date],A365) -> 82627 | D365: =CHOOSE(WEEKDAY(A365,2),"Mon","Tue","Wed","Thu","Fri","Sat","Sun") -> Tue | E365: =IF(WEEKDAY(A365,2)>5,"Weekend","Weekday") -> Weekday | F365: =DATE(YEAR(A365),MONTH(A365),1) -> 42156 | G365: =IF(COUNTIF(HolidayDates,A365)>0,"Yes","No") -> No | H365: =IF(COUNTIF(SpecialDates,A365)>0,"Yes","No") -> No | I365: =IF(B365="2015 Jan-Jun",C365,"") -> 82627 | J365: =IF(COUNTIFS(tblDaily[Period],B365,tblDaily[Date],"<="&A365,tblDaily[Date],">"&(A365-7))=7,AVERAGEIFS(tblDaily[Trips],tblDaily[Period],B365,tblDaily[Date],"<="&A365,tblDaily[Date],">"&(A365-7)),"") -> 96761

Sheet BaseDaily
A1: Date | B1: Base Code | C1: Trips | D1: Base Name | E1: Year
A2: 41730 | B2: B02512 | C2: 1011 | D2: =VLOOKUP(B2,BaseTable,2,FALSE) -> Unter | E2: =YEAR(A2) -> 2014
A3: 41730 | B3: B02598 | C3: 3738 | D3: =VLOOKUP(B3,BaseTable,2,FALSE) -> Hinter | E3: =YEAR(A3) -> 2014
A4: 41730 | B4: B02617 | C4: 3219 | D4: =VLOOKUP(B4,BaseTable,2,FALSE) -> Weiter | E4: =YEAR(A4) -> 2014
A5: 41730 | B5: B02682 | C5: 6255 | D5: =VLOOKUP(B5,BaseTable,2,FALSE) -> Schmecken | E5: =YEAR(A5) -> 2014
A6: 41730 | B6: B02764 | C6: 323 | D6: =VLOOKUP(B6,BaseTable,2,FALSE) -> Danach-NY | E6: =YEAR(A6) -> 2014
A7: 41731 | B7: B02512 | C7: 1336 | D7: =VLOOKUP(B7,BaseTable,2,FALSE) -> Unter | E7: =YEAR(A7) -> 2014
A8: 41731 | B8: B02598 | C8: 4526 | D8: =VLOOKUP(B8,BaseTable,2,FALSE) -> Hinter | E8: =YEAR(A8) -> 2014
A9: 41731 | B9: B02617 | C9: 3752 | D9: =VLOOKUP(B9,BaseTable,2,FALSE) -> Weiter | E9: =YEAR(A9) -> 2014
A10: 41731 | B10: B02682 | C10: 7515 | D10: =VLOOKUP(B10,BaseTable,2,FALSE) -> Schmecken | E10: =YEAR(A10) -> 2014
A11: 41731 | B11: B02764 | C11: 345 | D11: =VLOOKUP(B11,BaseTable,2,FALSE) -> Danach-NY | E11: =YEAR(A11) -> 2014
A12: 41732 | B12: B02512 | C12: 1482 | D12: =VLOOKUP(B12,BaseTable,2,FALSE) -> Unter | E12: =YEAR(A12) -> 2014
A13: 41732 | B13: B02598 | C13: 5499 | D13: =VLOOKUP(B13,BaseTable,2,FALSE) -> Hinter | E13: =YEAR(A13) -> 2014
... A2062: 42185 | B2062: B02836 | C2062: 46 | D2062: =VLOOKUP(B2062,BaseTable,2,FALSE) -> Drinnen | E2062: =YEAR(A2062) -> 2015

Sheet ZoneMonthly
A1: Month | B1: Location ID | C1: Trips | D1: Borough | E1: Zone | F1: Service Area
A2: 42005 | B2: 1 | C2: 11 | D2: =VLOOKUP(B2,ZoneTable,2,FALSE) -> EWR | E2: =VLOOKUP(B2,ZoneTable,3,FALSE) -> Newark Airport | F2: =IF(OR(B2=1,B2=132,B2=138),"Airports",D2) -> Airports
A3: 42005 | B3: 3 | C3: 359 | D3: =VLOOKUP(B3,ZoneTable,2,FALSE) -> Bronx | E3: =VLOOKUP(B3,ZoneTable,3,FALSE) -> Allerton/Pelham Gardens | F3: =IF(OR(B3=1,B3=132,B3=138),"Airports",D3) -> Bronx
A4: 42005 | B4: 4 | C4: 12968 | D4: =VLOOKUP(B4,ZoneTable,2,FALSE) -> Manhattan | E4: =VLOOKUP(B4,ZoneTable,3,FALSE) -> Alphabet City | F4: =IF(OR(B4=1,B4=132,B4=138),"Airports",D4) -> Manhattan
A5: 42005 | B5: 5 | C5: 3 | D5: =VLOOKUP(B5,ZoneTable,2,FALSE) -> Staten Island | E5: =VLOOKUP(B5,ZoneTable,3,FALSE) -> Arden Heights | F5: =IF(OR(B5=1,B5=132,B5=138),"Airports",D5) -> Staten Island
A6: 42005 | B6: 6 | C6: 96 | D6: =VLOOKUP(B6,ZoneTable,2,FALSE) -> Staten Island | E6: =VLOOKUP(B6,ZoneTable,3,FALSE) -> Arrochar/Fort Wadsworth | F6: =IF(OR(B6=1,B6=132,B6=138),"Airports",D6) -> Staten Island
A7: 42005 | B7: 7 | C7: 11824 | D7: =VLOOKUP(B7,ZoneTable,2,FALSE) -> Queens | E7: =VLOOKUP(B7,ZoneTable,3,FALSE) -> Astoria | F7: =IF(OR(B7=1,B7=132,B7=138),"Airports",D7) -> Queens
A8: 42005 | B8: 8 | C8: 39 | D8: =VLOOKUP(B8,ZoneTable,2,FALSE) -> Queens | E8: =VLOOKUP(B8,ZoneTable,3,FALSE) -> Astoria Park | F8: =IF(OR(B8=1,B8=132,B8=138),"Airports",D8) -> Queens
A9: 42005 | B9: 9 | C9: 317 | D9: =VLOOKUP(B9,ZoneTable,2,FALSE) -> Queens | E9: =VLOOKUP(B9,ZoneTable,3,FALSE) -> Auburndale | F9: =IF(OR(B9=1,B9=132,B9=138),"Airports",D9) -> Queens
A10: 42005 | B10: 10 | C10: 565 | D10: =VLOOKUP(B10,ZoneTable,2,FALSE) -> Queens | E10: =VLOOKUP(B10,ZoneTable,3,FALSE) -> Baisley Park | F10: =IF(OR(B10=1,B10=132,B10=138),"Airports",D10) -> Queens
A11: 42005 | B11: 11 | C11: 405 | D11: =VLOOKUP(B11,ZoneTable,2,FALSE) -> Brooklyn | E11: =VLOOKUP(B11,ZoneTable,3,FALSE) -> Bath Beach | F11: =IF(OR(B11=1,B11=132,B11=138),"Airports",D11) -> Brooklyn
A12: 42005 | B12: 12 | C12: 307 | D12: =VLOOKUP(B12,ZoneTable,2,FALSE) -> Manhattan | E12: =VLOOKUP(B12,ZoneTable,3,FALSE) -> Battery Park | F12: =IF(OR(B12=1,B12=132,B12=138),"Airports",D12) -> Manhattan
A13: 42005 | B13: 13 | C13: 19554 | D13: =VLOOKUP(B13,ZoneTable,2,FALSE) -> Manhattan | E13: =VLOOKUP(B13,ZoneTable,3,FALSE) -> Battery Park City | F13: =IF(OR(B13=1,B13=132,B13=138),"Airports",D13) -> Manhattan
... A1563: 42156 | B1563: 265 | C1563: 1476 | D1563: =VLOOKUP(B1563,ZoneTable,2,FALSE) -> Unknown | E1563: =VLOOKUP(B1563,ZoneTable,3,FALSE) -> Unknown | F1563: =IF(OR(B1563=1,B1563=132,B1563=138),"Airports",D1563) -> Unknown

Sheet AreaHour
A1: Hour | B1: Service Area | C1: Trips | E1: 2015 pickups per service area and hour of day (sum of Jan-Jun 2015).
A2: 0 | B2: Airports | C2: 28738
A3: 0 | B3: Bronx | C3: 8923
A4: 0 | B4: Brooklyn | C4: 118731
A5: 0 | B5: Manhattan | C5: 414082
A6: 0 | B6: Queens | C6: 31265
A7: 0 | B7: Staten Island | C7: 185
A8: 0 | B8: Unknown | C8: 254
A9: 1 | B9: Airports | C9: 11390
A10: 1 | B10: Bronx | C10: 6446
A11: 1 | B11: Brooklyn | C11: 85445
A12: 1 | B12: Manhattan | C12: 267228
A13: 1 | B13: Queens | C13: 23644
... A169: 23 | B169: Unknown | C169: 316

Sheet FOIL
A1: Date | B1: Base Code | C1: Active Vehicles | D1: Trips | E1: Base Name | F1: Trips per Vehicle | G1: Day Type | H1: Week Start | I1: Weekday
A2: 42005 | B2: B02512 | C2: 190 | D2: 1132 | E2: =VLOOKUP(B2,BaseTable,2,FALSE) -> Unter | F2: =D2/C2 -> 5.9578947 | G2: =IF(WEEKDAY(A2,2)>5,"Weekend","Weekday") -> Weekday | H2: =A2-WEEKDAY(A2,2)+1 -> 42002 | I2: =CHOOSE(WEEKDAY(A2,2),"Mon","Tue","Wed","Thu","Fri","Sat","Sun") -> Thu
A3: 42005 | B3: B02598 | C3: 870 | D3: 6903 | E3: =VLOOKUP(B3,BaseTable,2,FALSE) -> Hinter | F3: =D3/C3 -> 7.9344828 | G3: =IF(WEEKDAY(A3,2)>5,"Weekend","Weekday") -> Weekday | H3: =A3-WEEKDAY(A3,2)+1 -> 42002 | I3: =CHOOSE(WEEKDAY(A3,2),"Mon","Tue","Wed","Thu","Fri","Sat","Sun") -> Thu
A4: 42005 | B4: B02617 | C4: 1228 | D4: 9537 | E4: =VLOOKUP(B4,BaseTable,2,FALSE) -> Weiter | F4: =D4/C4 -> 7.7662866 | G4: =IF(WEEKDAY(A4,2)>5,"Weekend","Weekday") -> Weekday | H4: =A4-WEEKDAY(A4,2)+1 -> 42002 | I4: =CHOOSE(WEEKDAY(A4,2),"Mon","Tue","Wed","Thu","Fri","Sat","Sun") -> Thu
A5: 42005 | B5: B02682 | C5: 945 | D5: 7679 | E5: =VLOOKUP(B5,BaseTable,2,FALSE) -> Schmecken | F5: =D5/C5 -> 8.1259259 | G5: =IF(WEEKDAY(A5,2)>5,"Weekend","Weekday") -> Weekday | H5: =A5-WEEKDAY(A5,2)+1 -> 42002 | I5: =CHOOSE(WEEKDAY(A5,2),"Mon","Tue","Wed","Thu","Fri","Sat","Sun") -> Thu
A6: 42005 | B6: B02764 | C6: 3427 | D6: 29421 | E6: =VLOOKUP(B6,BaseTable,2,FALSE) -> Danach-NY | F6: =D6/C6 -> 8.5850598 | G6: =IF(WEEKDAY(A6,2)>5,"Weekend","Weekday") -> Weekday | H6: =A6-WEEKDAY(A6,2)+1 -> 42002 | I6: =CHOOSE(WEEKDAY(A6,2),"Mon","Tue","Wed","Thu","Fri","Sat","Sun") -> Thu
A7: 42005 | B7: B02765 | C7: 225 | D7: 1765 | E7: =VLOOKUP(B7,BaseTable,2,FALSE) -> Grun | F7: =D7/C7 -> 7.8444444 | G7: =IF(WEEKDAY(A7,2)>5,"Weekend","Weekday") -> Weekday | H7: =A7-WEEKDAY(A7,2)+1 -> 42002 | I7: =CHOOSE(WEEKDAY(A7,2),"Mon","Tue","Wed","Thu","Fri","Sat","Sun") -> Thu
A8: 42006 | B8: B02512 | C8: 175 | D8: 875 | E8: =VLOOKUP(B8,BaseTable,2,FALSE) -> Unter | F8: =D8/C8 -> 5 | G8: =IF(WEEKDAY(A8,2)>5,"Weekend","Weekday") -> Weekday | H8: =A8-WEEKDAY(A8,2)+1 -> 42002 | I8: =CHOOSE(WEEKDAY(A8,2),"Mon","Tue","Wed","Thu","Fri","Sat","Sun") -> Fri
A9: 42006 | B9: B02598 | C9: 785 | D9: 4768 | E9: =VLOOKUP(B9,BaseTable,2,FALSE) -> Hinter | F9: =D9/C9 -> 6.0738854 | G9: =IF(WEEKDAY(A9,2)>5,"Weekend","Weekday") -> Weekday | H9: =A9-WEEKDAY(A9,2)+1 -> 42002 | I9: =CHOOSE(WEEKDAY(A9,2),"Mon","Tue","Wed","Thu","Fri","Sat","Sun") -> Fri
A10: 42006 | B10: B02617 | C10: 1137 | D10: 7065 | E10: =VLOOKUP(B10,BaseTable,2,FALSE) -> Weiter | F10: =D10/C10 -> 6.2137203 | G10: =IF(WEEKDAY(A10,2)>5,"Weekend","Weekday") -> Weekday | H10: =A10-WEEKDAY(A10,2)+1 -> 42002 | I10: =CHOOSE(WEEKDAY(A10,2),"Mon","Tue","Wed","Thu","Fri","Sat","Sun") -> Fri
A11: 42006 | B11: B02682 | C11: 890 | D11: 5506 | E11: =VLOOKUP(B11,BaseTable,2,FALSE) -> Schmecken | F11: =D11/C11 -> 6.1865169 | G11: =IF(WEEKDAY(A11,2)>5,"Weekend","Weekday") -> Weekday | H11: =A11-WEEKDAY(A11,2)+1 -> 42002 | I11: =CHOOSE(WEEKDAY(A11,2),"Mon","Tue","Wed","Thu","Fri","Sat","Sun") -> Fri
A12: 42006 | B12: B02764 | C12: 3147 | D12: 19974 | E12: =VLOOKUP(B12,BaseTable,2,FALSE) -> Danach-NY | F12: =D12/C12 -> 6.3469971 | G12: =IF(WEEKDAY(A12,2)>5,"Weekend","Weekday") -> Weekday | H12: =A12-WEEKDAY(A12,2)+1 -> 42002 | I12: =CHOOSE(WEEKDAY(A12,2),"Mon","Tue","Wed","Thu","Fri","Sat","Sun") -> Fri
A13: 42006 | B13: B02765 | C13: 196 | D13: 1001 | E13: =VLOOKUP(B13,BaseTable,2,FALSE) -> Grun | F13: =D13/C13 -> 5.1071429 | G13: =IF(WEEKDAY(A13,2)>5,"Weekend","Weekday") -> Weekday | H13: =A13-WEEKDAY(A13,2)+1 -> 42002 | I13: =CHOOSE(WEEKDAY(A13,2),"Mon","Tue","Wed","Thu","Fri","Sat","Sun") -> Fri
... A355: 42063 | B355: B02765 | C355: 747 | D355: 7753 | E355: =VLOOKUP(B355,BaseTable,2,FALSE) -> Grun | F355: =D355/C355 -> 10.378849 | G355: =IF(WEEKDAY(A355,2)>5,"Weekend","Weekday") -> Weekend | H355: =A355-WEEKDAY(A355,2)+1 -> 42058 | I355: =CHOOSE(WEEKDAY(A355,2),"Mon","Tue","Wed","Thu","Fri","Sat","Sun") -> Sat

Sheet Market2014
A1: Date | B1: American | C1: Carmel | D1: Dial 7 | E1: Diplo | F1: Firstclass | G1: Green Taxis | H1: Highclass | I1: Lyft | J1: Prestige | K1: Skyline | L1: Uber | M1: Yellow Taxis | N1: Month | O1: Uber vs Yellow
A2: 41821 | B2: 921 | C2: 2871 | D2: 2233 | E2: 1046 | F2: 1744 | G2: 38167 | H2: 1368 | I2: 0 | J2: 3345 | K2: 1668 | L2: 21228 | M2: 440655 | N2: =DATE(YEAR(A2),MONTH(A2),1) -> 41821 | O2: =L2/M2 -> 0.048173741
A3: 41822 | B3: 1028 | C3: 2965 | D3: 2409 | E3: 1275 | F3: 2228 | G3: 42472 | H3: 1661 | I3: 0 | J3: 3533 | K3: 1691 | L3: 26480 | M3: 434416 | N3: =DATE(YEAR(A3),MONTH(A3),1) -> 41821 | O3: =L3/M3 -> 0.060955398
A4: 41823 | B4: 1068 | C4: 3361 | D4: 2520 | E4: 1200 | F4: 2121 | G4: 46046 | H4: 1599 | I4: 0 | J4: 3649 | K4: 1157 | L4: 21597 | M4: 412980 | N4: =DATE(YEAR(A4),MONTH(A4),1) -> 41821 | O4: =L4/M4 -> 0.052295511
A5: 41824 | B5: 1008 | C5: 2174 | D5: 1955 | E5: 1171 | F5: 1459 | G5: 41535 | H5: 1622 | I5: 0 | J5: 3401 | K5: 337 | L5: 14148 | M5: 306773 | N5: =DATE(YEAR(A5),MONTH(A5),1) -> 41821 | O5: =L5/M5 -> 0.046118791
A6: 41825 | B6: 1214 | C6: 1846 | D6: 1371 | E6: 1371 | F6: 1703 | G6: 46873 | H6: 1898 | I6: 0 | J6: 4081 | K6: 276 | L6: 10890 | M6: 305653 | N6: =DATE(YEAR(A6),MONTH(A6),1) -> 41821 | O6: =L6/M6 -> 0.035628638
A7: 41826 | B7: 1048 | C7: 2480 | D7: 1872 | E7: 1251 | F7: 1501 | G7: 40354 | H7: 1738 | I7: 0 | J7: 3545 | K7: 401 | L7: 11443 | M7: 310376 | N7: =DATE(YEAR(A7),MONTH(A7),1) -> 41821 | O7: =L7/M7 -> 0.036868186
A8: 41827 | B8: 893 | C8: 3028 | D8: 2213 | E8: 1009 | F8: 1768 | G8: 34130 | H8: 1457 | I8: 0 | J8: 3284 | K8: 1330 | L8: 18280 | M8: 374578 | N8: =DATE(YEAR(A8),MONTH(A8),1) -> 41821 | O8: =L8/M8 -> 0.048801585
A9: 41828 | B9: 916 | C9: 2706 | D9: 2073 | E9: 1065 | F9: 1815 | G9: 35756 | H9: 1387 | I9: 0 | J9: 3171 | K9: 1634 | L9: 25763 | M9: 430482 | N9: =DATE(YEAR(A9),MONTH(A9),1) -> 41821 | O9: =L9/M9 -> 0.059846869
A10: 41829 | B10: 841 | C10: 2883 | D10: 2209 | E10: 987 | F10: 1827 | G10: 36503 | H10: 1342 | I10: 0 | J10: 3176 | K10: 1897 | L10: 27817 | M10: 443822 | N10: =DATE(YEAR(A10),MONTH(A10),1) -> 41821 | O10: =L10/M10 -> 0.062676028
A11: 41830 | B11: 823 | C11: 3222 | D11: 2425 | E11: 904 | F11: 1746 | G11: 39051 | H11: 1367 | I11: 0 | J11: 3081 | K11: 2047 | L11: 30541 | M11: 451208 | N11: =DATE(YEAR(A11),MONTH(A11),1) -> 41821 | O11: =L11/M11 -> 0.067687186
A12: 41831 | B12: 1067 | C12: 2906 | D12: 2282 | E12: 1128 | F12: 2085 | G12: 45383 | H12: 1672 | I12: 0 | J12: 3758 | K12: 1440 | L12: 28752 | M12: 453967 | N12: =DATE(YEAR(A12),MONTH(A12),1) -> 41821 | O12: =L12/M12 -> 0.063335
A13: 41832 | B13: 1284 | C13: 2182 | D13: 1621 | E13: 1395 | F13: 1972 | G13: 54366 | H13: 1968 | I13: 0 | J13: 4128 | K13: 511 | L13: 25936 | M13: 442979 | N13: =DATE(YEAR(A13),MONTH(A13),1) -> 41821 | O13: =L13/M13 -> 0.058549051
... A93: 41912 | B93: 848 | C93: 2824 | D93: 2004 | E93: 1017 | F93: 1789 | G93: 38665 | H93: 1527 | I93: 2371 | J93: 3137 | K93: 633 | L93: 33431 | M93: 431354 | N93: =DATE(YEAR(A93),MONTH(A93),1) -> 41883 | O93: =L93/M93 -> 0.077502469

Sheet Lookups
A1: Base Code | B1: Base Name | D1: Location ID | E1: Borough | F1: Zone | H1: Special day | I1: Name | K1: Notes
A2: B02512 | B2: Unter | D2: 1 | E2: EWR | F2: Newark Airport | H2: 41785 | I2: Memorial Day | K2: Bases: Uber's NYC base licence numbers and names (README of the source repository).
A3: B02598 | B3: Hinter | D3: 2 | E3: Queens | F3: Jamaica Bay | H3: 41824 | I3: Independence Day | K3: Zones: NYC TLC taxi-zone lookup (265 ids; 264/265 = Unknown). Airports = ids 1 (Newark), 132 (JFK), 138 (LaGuardia).
A4: B02617 | B4: Weiter | D4: 3 | E4: Bronx | F4: Allerton/Pelham Gardens | H4: 41883 | I4: Labor Day | K4: Special days: US federal holidays inside the data periods + the two January 2015 blizzard days (external event).
A5: B02682 | B5: Schmecken | D5: 4 | E5: Manhattan | F5: Alphabet City | H5: 42005 | I5: New Year's Day | K5: Named ranges: BaseTable, ZoneTable, SpecialDates.
A6: B02764 | B6: Danach-NY | D6: 5 | E6: Staten Island | F6: Arden Heights | H6: 42023 | I6: Birthday of Martin Luther King, Jr.
A7: B02765 | B7: Grun | D7: 6 | E7: Staten Island | F7: Arrochar/Fort Wadsworth | H7: 42051 | I7: Washington's Birthday
A8: B02835 | B8: Dreist | D8: 7 | E8: Queens | F8: Astoria | H8: 42149 | I8: Memorial Day
A9: B02836 | B9: Drinnen | D9: 8 | E9: Queens | F9: Astoria Park | H9: 42030 | I9: Blizzard: travel ban from 11 pm (external event)
D10: 9 | E10: Queens | F10: Auburndale | H10: 42031 | I10: Blizzard: travel ban until the morning (external event)
D11: 10 | E11: Queens | F11: Baisley Park
D12: 11 | E12: Brooklyn | F12: Bath Beach
D13: 12 | E13: Manhattan | F13: Battery Park
D14: 13 | E14: Manhattan | F14: Battery Park City
D15: 14 | E15: Brooklyn | F15: Bay Ridge
D16: 15 | E16: Queens | F16: Bay Terrace/Fort Totten
D17: 16 | E17: Queens | F17: Bayside
D18: 17 | E18: Brooklyn | F18: Bedford
D19: 18 | E19: Bronx | F19: Bedford Park
D20: 19 | E20: Queens | F20: Bellerose
D21: 20 | E21: Bronx | F21: Belmont
D22: 21 | E22: Brooklyn | F22: Bensonhurst East
... D266: 265 | E266: Unknown | F266: Unknown

Sheet Raw_Sample
A1: First 300 rows of uber-raw-data-apr14.csv (left) and uber-raw-data-janjune-15.csv (right), exactly as published. Full files: data/raw (download with scripts/download_data.py).
A2: Date/Time | B2: Lat | C2: Lon | D2: Base | G2: Dispatching_base_num | H2: Pickup_date | I2: Affiliated_base_num | J2: locationID
A3: 4/1/2014 0:11:00 | B3: 40.769 | C3: -73.9549 | D3: B02512 | G3: B02617 | H3: 2015-05-17 09:47:00 | I3: B02617 | J3: 141
A4: 4/1/2014 0:17:00 | B4: 40.7267 | C4: -74.0345 | D4: B02512 | G4: B02617 | H4: 2015-05-17 09:47:00 | I4: B02617 | J4: 65
A5: 4/1/2014 0:21:00 | B5: 40.7316 | C5: -73.9873 | D5: B02512 | G5: B02617 | H5: 2015-05-17 09:47:00 | I5: B02617 | J5: 100
A6: 4/1/2014 0:28:00 | B6: 40.7588 | C6: -73.9776 | D6: B02512 | G6: B02617 | H6: 2015-05-17 09:47:00 | I6: B02774 | J6: 80
A7: 4/1/2014 0:33:00 | B7: 40.7594 | C7: -73.9722 | D7: B02512 | G7: B02617 | H7: 2015-05-17 09:47:00 | I7: B02617 | J7: 90
A8: 4/1/2014 0:33:00 | B8: 40.7383 | C8: -74.0403 | D8: B02512 | G8: B02617 | H8: 2015-05-17 09:47:00 | I8: B02617 | J8: 228
A9: 4/1/2014 0:39:00 | B9: 40.7223 | C9: -73.9887 | D9: B02512 | G9: B02617 | H9: 2015-05-17 09:47:00 | I9: B02617 | J9: 7
A10: 4/1/2014 0:45:00 | B10: 40.762 | C10: -73.979 | D10: B02512 | G10: B02617 | H10: 2015-05-17 09:47:00 | I10: B02764 | J10: 74
A11: 4/1/2014 0:55:00 | B11: 40.7524 | C11: -73.996 | D11: B02512 | G11: B02617 | H11: 2015-05-17 09:47:00 | I11: B02617 | J11: 249
A12: 4/1/2014 1:01:00 | B12: 40.7575 | C12: -73.9846 | D12: B02512 | G12: B02617 | H12: 2015-05-17 09:47:00 | I12: B02764 | J12: 22
A13: 4/1/2014 1:19:00 | B13: 40.7256 | C13: -73.9869 | D13: B02512 | G13: B02617 | H13: 2015-05-17 09:48:00 | I13: B02617 | J13: 263
... A302: 4/1/2014 11:06:00 | B302: 40.8275 | C302: -74.0468 | D302: B02512 | G302: B02617 | H302: 2015-05-17 10:34:00 | I302: B02617 | J302: 179

Sheet Data_Dictionary
A1: Data dictionary — data tables
A3: Table | B3: Column | C3: Description
A4: Hourly | B4: Date / Hour / Trips | C4: Pickups per date and hour (both periods).
A5: Hourly | B5: Period | C5: 2014 Apr-Sep or 2015 Jan-Jun.
A6: Hourly | B6: Year / Month | C6: Formulas: YEAR(Date); DATE(YEAR, MONTH, 1).
A7: Hourly | B7: Weekday | C7: Formula: CHOOSE(WEEKDAY(Date,2), Mon…Sun) — language-independent.
A8: Hourly | B8: Day Type | C8: Formula: Weekend if WEEKDAY(Date,2) > 5.
A9: Hourly | B9: Time Band | C9: Formula (IFS): Night 0-5, Morning peak 6-9, Midday 10-15, Evening peak 16-19, Late evening 20-23.
A10: Daily | B10: Trips | C10: Formula: SUMIFS of Hourly trips for the date.
A11: Daily | B11: Holiday / Special Day | C11: Formula: date found in the Lookups holiday / special-day list.
A12: Daily | B12: Trips 2015 | C12: Trips for 2015 days, blank for 2014 (used by LARGE, SMALL and PERCENTILE.INC).
A13: Daily | B13: 7-day Average | C13: Formula: average of the last 7 days of the same period (blank for the first 6 days).
A14: BaseDaily | B14: Date / Base Code / Trips | C14: Trips per base and day (2014 = base in the file, 2015 = dispatching base); Base Name via VLOOKUP.
... A20: Market2014 | B20: Uber vs Yellow | C20: Formula: Uber trips / yellow-taxi trips for the day.
